transaction_id,account_id,transaction_date,transaction_type,amount,currency
TXN00000001,ACCT000096,2025-05-29,Interest,3940.86,USD
TXN00000002,ACCT000309,2025-02-24,Purchase,1495.47,USD
TXN00000003,ACCT000329,2025-10-06,Fee,2274.47,GBP
TXN00000004,ACCT000069,2025-09-16,Interest,4446.85,CAD
TXN00000005,ACCT000058,2025-06-19,Fee,968.09,USD
TXN00000006,ACCT000368,2025-04-06,Interest,3243.19,USD
TXN00000007,ACCT000291,2025-12-12,Fee,3954.88,USD
TXN00000008,ACCT000328,2025-07-27,Payment,3056.72,CAD
TXN00000009,ACCT000206,2025-12-09,Transfer,1642.99,USD
TXN00000010,ACCT000245,2025-06-15,Payment,4908.52,USD
TXN00000011,ACCT000121,2025-08-17,Purchase,1307.62,USD
TXN00000012,ACCT000371,2025-10-21,Fee,1513.22,USD
TXN00000013,ACCT000355,2025-05-01,Fee,3270.15,USD
TXN00000014,ACCT000082,2025-07-27,Purchase,2329.65,GBP
TXN00000015,ACCT000328,2025-06-01,Fee,3453.0,USD
TXN00000016,ACCT000069,2025-09-02,Transfer,1108.14,USD
TXN00000017,ACCT000311,2025-07-11,Interest,3739.94,CAD
TXN00000018,ACCT000388,2025-10-03,Transfer,4564.42,USD
TXN00000019,ACCT000306,2025-02-11,Payment,3403.31,GBP
TXN00000020,ACCT000186,2025-02-09,Interest,2643.22,GBP
TXN00000021,ACCT000281,2025-09-16,Purchase,313.48,USD
TXN00000022,ACCT000085,2025-06-17,Transfer,2685.62,GBP
TXN00000023,ACCT000106,2025-10-26,Interest,585.62,CAD
TXN00000024,ACCT000229,2025-01-29,Purchase,4494.95,CAD
TXN00000025,ACCT000234,2025-10-16,Payment,2568.67,USD
TXN00000026,ACCT000158,2025-01-12,Transfer,-100.0,CAD
TXN00000027,ACCT000382,2025-04-22,Fee,4083.18,GBP
TXN00000028,ACCT000177,2025-12-25,Purchase,231.22,USD
TXN00000029,ACCT000036,2025-08-30,Transfer,4970.65,USD
TXN00000030,ACCT000394,2025-03-11,Fee,2047.29,CAD
TXN00000031,ACCT000196,2025-08-18,Fee,4964.32,CAD
TXN00000032,ACCT000339,2025-10-04,Interest,405.85,USD
TXN00000033,ACCT000276,2025-07-21,Fee,597.57,GBP
TXN00000034,ACCT000115,2025-01-02,Payment,3640.65,USD
TXN00000035,ACCT000369,2025-10-06,Fee,2317.7,CAD
TXN00000036,ACCT000118,2025-05-07,Transfer,1899.49,CAD
TXN00000037,ACCT000097,2025-02-27,Fee,779.83,USD
TXN00000038,ACCT000009,2025-05-04,Interest,3076.54,USD
TXN00000039,ACCT000018,2025-08-17,Purchase,508.98,GBP
TXN00000040,ACCT000023,2025-07-25,Purchase,1227.45,CAD
TXN00000041,ACCT000387,2025-01-29,Payment,2701.1,USD
TXN00000042,ACCT000120,2025-10-22,Transfer,4967.45,USD
TXN00000043,ACCT000345,2025-06-14,Transfer,2991.6,USD
TXN00000044,ACCT000339,2025-09-24,Fee,4381.91,USD
TXN00000045,ACCT000032,2025-10-13,Interest,1506.0,GBP
TXN00000046,ACCT000219,2025-10-12,Payment,3131.84,CAD
TXN00000047,ACCT000330,2025-12-10,Purchase,4861.59,CAD
TXN00000048,ACCT000214,2025-07-29,Transfer,1597.08,USD
TXN00000049,ACCT000387,2025-10-03,Fee,1885.42,CAD
TXN00000050,ACCT000154,2025-12-29,Payment,4247.46,USD
TXN00000051,ACCT999999,2025-07-31,Interest,4574.13,CAD
TXN00000052,ACCT000199,2025-05-05,Transfer,2652.31,USD
TXN00000053,ACCT000041,2025-08-19,Payment,1654.66,USD
TXN00000054,ACCT000098,2025-01-27,Purchase,2680.5,USD
TXN00000055,ACCT000309,2025-01-21,Interest,3369.99,USD
TXN00000056,ACCT000301,2025-12-10,Payment,4024.23,GBP
TXN00000057,ACCT000171,2025-06-05,Payment,2399.57,USD
TXN00000058,ACCT000380,2025-03-02,Payment,4686.11,CAD
TXN00000059,ACCT000361,2025-04-15,Payment,3479.65,CAD
TXN00000060,ACCT000398,2025-05-25,Payment,2762.64,CAD
TXN00000061,ACCT000184,2025-06-07,Interest,2670.58,USD
TXN00000062,ACCT000255,2025-08-27,Fee,2566.52,USD
TXN00000063,ACCT000164,2025-04-15,Interest,3809.34,USD
TXN00000064,ACCT000289,2025-04-24,Fee,2072.58,USD
TXN00000065,ACCT000300,2025-10-24,Purchase,1307.57,CAD
TXN00000066,ACCT000169,2025-04-28,Fee,766.29,CAD
TXN00000067,ACCT000256,2025-10-09,Transfer,4167.65,USD
TXN00000068,ACCT000251,2025-11-25,Fee,3817.99,CAD
TXN00000069,ACCT000181,2025-03-28,Interest,845.33,USD
TXN00000070,ACCT000278,2025-11-25,Transfer,2444.14,USD
TXN00000071,ACCT000039,2025-12-09,Transfer,173.95,USD
TXN00000072,ACCT000323,2025-04-29,Purchase,2064.9,USD
TXN00000073,ACCT000259,2025-08-22,Payment,50.66,USD
TXN00000074,ACCT000342,2025-11-12,Purchase,3091.09,CAD
TXN00000075,ACCT000273,2025-10-10,Interest,83.58,CAD
TXN00000076,ACCT000370,2025-05-21,Purchase,88.55,GBP
TXN00000077,ACCT000358,2025-12-12,Fee,90.63,CAD
TXN00000078,ACCT000050,2025-09-26,Payment,539.55,USD
TXN00000079,ACCT000270,2025-05-10,Payment,963.7,USD
TXN00000080,ACCT000041,2025-07-11,Fee,3975.71,CAD
TXN00000081,ACCT000357,2025-04-26,Interest,2827.19,USD
TXN00000082,ACCT000333,2025-01-17,Purchase,3270.41,USD
TXN00000083,ACCT000283,2025-09-01,Interest,1899.42,USD
TXN00000084,ACCT000043,2025-09-13,Purchase,3515.71,CAD
TXN00000085,ACCT000049,2025-09-28,Fee,2831.45,USD
TXN00000086,ACCT000355,2025-10-18,Payment,1061.03,CAD
TXN00000087,ACCT000039,2025-12-17,Fee,237.58,USD
TXN00000088,ACCT000017,2025-04-02,Transfer,2819.73,USD
TXN00000089,ACCT000301,2025-03-15,Purchase,4807.54,CAD
TXN00000090,ACCT000289,2025-05-04,Purchase,1499.89,GBP
TXN00000091,ACCT000277,2025-06-19,Interest,3386.79,CAD
TXN00000092,ACCT000353,2025-02-10,Payment,3953.54,GBP
TXN00000093,ACCT000224,2025-04-29,Fee,273.21,USD
TXN00000094,ACCT000315,2025-11-01,Fee,3027.82,CAD
TXN00000095,ACCT000140,2025-08-19,Fee,152.98,CAD
TXN00000096,ACCT000193,2025-08-10,Payment,1782.28,USD
TXN00000097,ACCT000044,2025-11-13,Transfer,3305.06,USD
TXN00000098,ACCT000043,2025-05-18,Payment,3566.98,USD
TXN00000099,ACCT000325,2025-03-20,Interest,3559.83,CAD
TXN00000100,ACCT000047,2025-01-03,Fee,1806.7,USD
TXN00000101,ACCT000139,2025-02-22,Interest,1802.79,USD
TXN00000102,ACCT000230,2025-10-13,Purchase,941.02,GBP
TXN00000103,ACCT000014,2025-02-15,Transfer,2043.18,USD
TXN00000104,ACCT000307,2025-06-16,Transfer,469.86,CAD
TXN00000105,ACCT000199,2025-02-13,Purchase,1462.78,GBP
TXN00000106,ACCT000087,2025-12-17,Payment,2861.94,CAD
TXN00000107,ACCT000155,2025-05-18,Payment,698.51,CAD
TXN00000108,ACCT000223,2025-05-22,Payment,321.02,CAD
TXN00000109,ACCT000040,2025-07-04,Fee,2423.74,USD
TXN00000110,ACCT000254,2025-11-01,Payment,3605.89,GBP
TXN00000111,ACCT000070,2025-06-05,Payment,2292.02,USD
TXN00000112,ACCT000318,2025-07-14,Interest,1664.42,USD
TXN00000113,ACCT000334,2025-11-01,Interest,1677.01,USD
TXN00000114,ACCT000356,2025-04-13,Fee,1606.72,CAD
TXN00000115,ACCT000204,2025-06-13,Fee,892.3,USD
TXN00000116,ACCT000125,2025-06-16,Interest,4838.98,CAD
TXN00000117,ACCT000202,2025-07-06,Fee,4083.39,USD
TXN00000118,ACCT000280,2025-04-03,Transfer,1003.0,GBP
TXN00000119,ACCT000237,2025-12-29,Purchase,4765.26,USD
TXN00000120,ACCT000355,2025-02-05,Interest,3989.44,CAD
TXN00000121,ACCT000156,2025-05-04,Interest,700.2,USD
TXN00000122,ACCT000194,2025-02-07,Payment,3577.61,CAD
TXN00000123,ACCT000206,2025-10-01,Transfer,2398.78,GBP
TXN00000124,ACCT000185,2025-12-26,Interest,2720.51,GBP
TXN00000125,ACCT000044,2025-02-25,Transfer,3192.71,USD
TXN00000126,ACCT000314,2025-01-23,Fee,835.86,GBP
TXN00000127,ACCT000170,2025-08-09,Interest,4834.22,USD
TXN00000128,ACCT000114,2025-09-19,Purchase,497.54,GBP
TXN00000129,ACCT000295,2025-04-24,Transfer,2904.69,CAD
TXN00000130,ACCT000396,2025-12-14,Fee,1958.72,GBP
TXN00000131,ACCT000013,2025-09-05,Transfer,757.97,USD
TXN00000132,ACCT000044,2025-03-01,Fee,2082.8,USD
TXN00000133,ACCT000234,2025-04-16,Fee,1562.89,GBP
TXN00000134,ACCT000050,2025-08-13,Interest,1744.76,CAD
TXN00000135,ACCT000023,2025-12-30,Fee,340.54,USD
TXN00000136,ACCT000332,2025-02-25,Purchase,4246.65,USD
TXN00000137,ACCT000283,2025-03-23,Payment,2582.39,USD
TXN00000138,ACCT000237,2025-04-29,Transfer,2134.72,CAD
TXN00000139,ACCT000337,2025-08-10,Payment,936.0,CAD
TXN00000140,ACCT000102,2025-08-19,Purchase,3688.25,GBP
TXN00000141,ACCT000361,2025-04-20,Interest,1947.23,USD
TXN00000142,ACCT000033,2025-10-23,Fee,3762.87,USD
TXN00000143,ACCT000167,2025-04-11,Transfer,938.86,CAD
TXN00000144,ACCT000251,2025-09-28,Purchase,1315.46,USD
TXN00000145,ACCT000201,2025-10-28,Transfer,1946.25,USD
TXN00000146,ACCT000235,2025-11-13,Fee,1763.16,USD
TXN00000147,ACCT000303,2025-02-13,Fee,4593.82,USD
TXN00000148,ACCT000157,2025-03-01,Fee,593.72,USD
TXN00000149,ACCT000262,2025-07-18,Fee,3468.72,CAD
TXN00000150,ACCT000197,2025-08-05,Transfer,693.65,USD
TXN00000151,ACCT000356,2025-11-27,Interest,3179.33,USD
TXN00000152,ACCT000148,2025-03-13,Transfer,838.49,USD
TXN00000153,ACCT000318,2025-01-28,Fee,4210.72,USD
TXN00000154,ACCT000100,2025-07-16,Purchase,2425.62,GBP
TXN00000155,ACCT000210,2025-12-17,Transfer,3267.08,CAD
TXN00000156,ACCT000228,2025-09-08,Interest,3552.16,USD
TXN00000157,ACCT000390,2025-04-23,Purchase,2829.16,USD
TXN00000158,ACCT000276,2025-05-28,Purchase,1377.89,USD
TXN00000159,ACCT000396,2025-09-11,Interest,2830.42,GBP
TXN00000160,ACCT000059,2025-05-18,Transfer,570.49,GBP
TXN00000161,ACCT000388,2025-01-22,Fee,2712.51,CAD
TXN00000162,ACCT000218,2025-02-22,Transfer,1096.62,USD
TXN00000163,ACCT000017,2025-08-19,Fee,4374.68,USD
TXN00000164,ACCT000045,2025-08-13,Fee,4311.69,USD
TXN00000165,ACCT000378,2025-10-29,Payment,1053.34,USD
TXN00000166,ACCT000085,2025-11-12,Transfer,3165.69,USD
TXN00000167,ACCT000031,2025-10-19,Payment,4068.58,USD
TXN00000168,ACCT000276,2025-03-28,Transfer,1409.02,USD
TXN00000169,ACCT000137,2025-09-21,Fee,1450.22,USD
TXN00000170,ACCT000211,2025-01-31,Payment,4814.05,USD
TXN00000171,ACCT000068,2025-05-08,Payment,3508.63,USD
TXN00000172,ACCT000390,2025-12-13,Fee,4143.27,CAD
TXN00000173,ACCT000324,2025-05-18,Interest,715.15,CAD
TXN00000174,ACCT000325,2025-02-17,Interest,2262.7,CAD
TXN00000175,ACCT000356,2025-07-08,Transfer,3750.26,CAD
TXN00000176,ACCT000002,2025-02-17,Interest,1639.81,CAD
TXN00000177,ACCT000274,2025-07-23,Fee,4251.28,USD
TXN00000178,ACCT000254,2025-05-18,Interest,4125.11,USD
TXN00000179,ACCT000296,2025-03-08,Fee,1692.09,GBP
TXN00000180,ACCT000350,2025-01-25,Interest,3942.58,USD
TXN00000181,ACCT000236,2025-01-09,Purchase,3132.77,USD
TXN00000182,ACCT000001,2025-08-08,Payment,2209.22,USD
TXN00000183,ACCT000155,2025-03-23,Payment,4411.33,USD
TXN00000184,ACCT000129,2025-02-12,Purchase,3274.67,USD
TXN00000185,ACCT000321,2025-06-06,Payment,263.68,USD
TXN00000186,ACCT000361,2025-02-18,Interest,3279.15,USD
TXN00000187,ACCT000068,2025-10-31,Payment,2386.65,USD
TXN00000188,ACCT000005,2025-01-05,Transfer,3401.51,USD
TXN00000189,ACCT000217,2025-12-22,Purchase,4940.83,USD
TXN00000190,ACCT000197,2025-02-15,Interest,358.79,USD
TXN00000191,ACCT000154,2025-03-12,Purchase,1570.19,CAD
TXN00000192,ACCT000347,2025-03-15,Payment,3209.67,USD
TXN00000193,ACCT000313,2025-11-29,Transfer,2818.64,USD
TXN00000194,ACCT000110,2025-11-18,Interest,1759.18,USD
TXN00000195,ACCT000227,2025-04-22,Interest,3082.3,USD
TXN00000196,ACCT000064,2025-10-29,Purchase,704.37,CAD
TXN00000197,ACCT000162,2025-03-13,Fee,4816.43,USD
TXN00000198,ACCT000128,2025-10-11,Fee,3224.88,GBP
TXN00000199,ACCT000146,2025-12-20,Transfer,3607.29,USD
TXN00000200,ACCT000311,2025-09-18,Fee,1031.2,USD
TXN00000201,ACCT000028,2025-05-03,Interest,1481.23,CAD
TXN00000202,ACCT000256,2025-11-23,Interest,568.15,GBP
TXN00000203,ACCT000007,2025-07-04,Purchase,2643.79,USD
TXN00000204,ACCT000292,2025-08-04,Payment,1937.26,USD
TXN00000205,ACCT000391,2025-08-30,Transfer,3416.3,USD
TXN00000206,ACCT000008,2025-05-15,Purchase,2938.88,USD
TXN00000207,ACCT000204,2025-09-17,Purchase,4613.28,USD
TXN00000208,ACCT000217,2025-12-26,Transfer,3836.71,CAD
TXN00000209,ACCT000276,2025-11-12,Purchase,3204.48,USD
TXN00000210,ACCT000041,2025-09-19,Fee,422.57,USD
TXN00000211,ACCT000201,2025-10-28,Payment,2684.27,USD
TXN00000212,ACCT000374,2025-05-03,Fee,3494.89,USD
TXN00000213,ACCT000223,2025-03-01,Payment,435.63,CAD
TXN00000214,ACCT000159,2025-12-08,Transfer,3046.12,USD
TXN00000215,ACCT000071,2025-12-26,Purchase,68.26,USD
TXN00000216,ACCT000178,2025-09-25,Payment,2484.58,GBP
TXN00000217,ACCT000065,2025-05-18,Fee,838.98,USD
TXN00000218,ACCT000220,2025-05-20,Purchase,1678.38,GBP
TXN00000219,ACCT000296,2025-11-18,Purchase,1318.43,USD
TXN00000220,ACCT000185,2025-01-29,Interest,2278.71,CAD
TXN00000221,ACCT000081,2025-05-11,Transfer,838.57,USD
TXN00000222,ACCT000060,2025-04-27,Transfer,3372.23,GBP
TXN00000223,ACCT000007,2025-05-06,Purchase,224.97,USD
TXN00000224,ACCT000077,2025-04-02,Interest,1823.06,USD
TXN00000225,ACCT000366,2025-12-02,Transfer,4016.56,CAD
TXN00000226,ACCT000214,2025-06-13,Payment,1612.4,USD
TXN00000227,ACCT000062,2025-09-15,Purchase,2859.82,USD
TXN00000228,ACCT000265,2025-01-24,Payment,1119.81,CAD
TXN00000229,ACCT000145,2025-06-09,Purchase,4385.57,USD
TXN00000230,ACCT000005,2025-07-08,Purchase,2767.69,USD
TXN00000231,ACCT000156,2025-11-15,Fee,2821.21,USD
TXN00000232,ACCT000253,2025-04-11,Interest,1844.53,GBP
TXN00000233,ACCT000210,2025-01-13,Payment,757.08,USD
TXN00000234,ACCT000356,2025-01-05,Transfer,1735.39,USD
TXN00000235,ACCT000193,2025-06-07,Purchase,3795.85,USD
TXN00000236,ACCT000122,2025-08-03,Payment,2651.42,CAD
TXN00000237,ACCT000073,2025-12-31,Purchase,4862.93,USD
TXN00000238,ACCT000119,2025-09-24,Purchase,224.28,CAD
TXN00000239,ACCT000383,2025-02-13,Fee,2295.0,GBP
TXN00000240,ACCT000327,2025-07-21,Purchase,2529.61,USD
TXN00000241,ACCT000223,2025-12-06,Transfer,2841.26,USD
TXN00000242,ACCT000162,2025-07-21,Payment,1461.92,USD
TXN00000243,ACCT000120,2025-02-08,Fee,2266.53,USD
TXN00000244,ACCT000300,2025-02-25,Payment,3900.79,USD
TXN00000245,ACCT000239,2025-06-10,Purchase,826.05,CAD
TXN00000246,ACCT000395,2025-04-17,Purchase,2681.94,CAD
TXN00000247,ACCT000062,2025-02-16,Fee,2319.42,USD
TXN00000248,ACCT000357,2025-11-05,Fee,4132.8,USD
TXN00000249,ACCT000168,2025-03-17,Payment,4180.44,USD
TXN00000250,ACCT000203,2025-09-20,Payment,4842.16,USD
TXN00000251,ACCT000090,2025-01-16,Fee,1304.53,CAD
TXN00000252,ACCT000282,2025-05-08,Interest,2781.99,USD
TXN00000253,ACCT000072,2025-03-04,Interest,514.03,USD
TXN00000254,ACCT000114,2025-03-08,Purchase,4152.71,USD
TXN00000255,ACCT000323,2025-11-27,Interest,1864.34,USD
TXN00000256,ACCT000039,2025-01-12,Transfer,2932.66,USD
TXN00000257,ACCT000228,2025-03-07,Payment,4512.97,USD
TXN00000258,ACCT000237,2025-01-26,Fee,617.03,USD
TXN00000259,ACCT000371,2025-07-22,Transfer,2168.62,CAD
TXN00000260,ACCT000219,2025-03-30,Purchase,1916.73,USD
TXN00000261,ACCT000141,2025-05-24,Payment,4541.98,CAD
TXN00000262,ACCT000318,2025-11-12,Payment,178.07,USD
TXN00000263,ACCT000282,2025-09-03,Fee,2496.96,USD
TXN00000264,ACCT000071,2025-08-03,Purchase,1402.48,USD
TXN00000265,ACCT000279,2025-01-10,Transfer,1249.49,CAD
TXN00000266,ACCT000249,2025-06-26,Fee,2401.02,GBP
TXN00000267,ACCT000139,2025-04-03,Transfer,1611.41,USD
TXN00000268,ACCT000016,2025-05-24,Fee,2987.6,USD
TXN00000269,ACCT000393,2025-10-27,Interest,2649.51,USD
TXN00000270,ACCT000337,2025-05-04,Payment,505.17,USD
TXN00000271,ACCT000378,2025-01-29,Transfer,4082.34,USD
TXN00000272,ACCT000199,2025-07-01,Transfer,4233.29,USD
TXN00000273,ACCT000163,2025-12-24,Payment,1186.57,USD
TXN00000274,ACCT000359,2025-06-30,Transfer,145.89,GBP
TXN00000275,ACCT000097,2025-09-10,Transfer,714.8,GBP
TXN00000276,ACCT000020,2025-02-16,Fee,881.91,USD
TXN00000277,ACCT000011,2025-09-27,Payment,3010.31,CAD
TXN00000278,ACCT000315,2025-04-14,Purchase,1662.01,USD
TXN00000279,ACCT000166,2025-01-31,Fee,3586.1,USD
TXN00000280,ACCT000073,2025-02-26,Payment,2935.11,GBP
TXN00000281,ACCT000192,2025-12-27,Fee,4802.99,CAD
TXN00000282,ACCT000155,2025-06-15,Transfer,509.66,USD
TXN00000283,ACCT000224,2025-11-24,Payment,3663.1,CAD
TXN00000284,ACCT000288,2025-12-22,Fee,875.14,GBP
TXN00000285,ACCT000302,2025-03-31,Fee,1120.07,CAD
TXN00000286,ACCT000151,2025-03-07,Fee,3671.3,USD
TXN00000287,ACCT000294,2025-07-20,Purchase,4744.2,GBP
TXN00000288,ACCT000163,2025-11-10,Purchase,914.5,USD
TXN00000289,ACCT000255,2025-03-14,Transfer,525.03,USD
TXN00000290,ACCT000164,2025-03-27,Purchase,1193.79,USD
TXN00000291,ACCT000136,2025-04-18,Fee,2235.92,USD
TXN00000292,ACCT000056,2025-01-01,Purchase,1755.65,USD
TXN00000293,ACCT000215,2025-03-27,Interest,2193.91,CAD
TXN00000294,ACCT000180,2025-10-07,Interest,4409.44,CAD
TXN00000295,ACCT000296,2025-11-30,Purchase,4144.89,USD
TXN00000296,ACCT000018,2025-05-31,Payment,2259.18,USD
TXN00000297,ACCT000054,2025-02-07,Fee,1309.33,USD
TXN00000298,ACCT000083,2025-02-08,Payment,4440.22,GBP
TXN00000299,ACCT000315,2025-09-05,Purchase,1693.06,USD
TXN00000300,ACCT000085,2025-11-07,Interest,4712.5,CAD
TXN00000301,ACCT000170,2025-04-16,Payment,272.51,USD
TXN00000302,ACCT000370,2025-10-04,Interest,3487.5,USD
TXN00000303,ACCT000050,2025-01-26,Fee,1490.52,CAD
TXN00000304,ACCT000252,2025-03-20,Transfer,2750.56,USD
TXN00000305,ACCT000045,2025-05-31,Fee,24.06,GBP
TXN00000306,ACCT000014,2025-04-16,Interest,1002.38,USD
TXN00000307,ACCT000243,2025-03-01,Fee,4885.4,USD
TXN00000308,ACCT000339,2025-05-16,Interest,2357.37,USD
TXN00000309,ACCT000190,2025-07-15,Transfer,1940.7,USD
TXN00000310,ACCT000135,2025-08-14,Payment,2231.65,CAD
TXN00000311,ACCT000138,2025-10-16,Fee,1135.08,USD
TXN00000312,ACCT000342,2025-02-19,Payment,3762.41,USD
TXN00000313,ACCT000212,2025-10-29,Fee,4041.86,USD
TXN00000314,ACCT000199,2025-09-25,Transfer,309.61,CAD
TXN00000315,ACCT000244,2025-10-21,Transfer,3436.9,USD
TXN00000316,ACCT000203,2025-01-18,Interest,1497.77,GBP
TXN00000317,ACCT000293,2025-12-13,Transfer,4502.77,GBP
TXN00000318,ACCT000388,2025-08-18,Payment,605.81,USD
TXN00000319,ACCT000099,2025-03-06,Payment,4860.96,USD
TXN00000320,ACCT000350,2025-08-11,Interest,396.45,USD
TXN00000321,ACCT000133,2025-06-13,Payment,4171.37,USD
TXN00000322,ACCT000204,2025-10-10,Purchase,1943.56,USD
TXN00000323,ACCT000007,2025-12-25,Fee,2600.84,GBP
TXN00000324,ACCT000215,2025-02-27,Transfer,2615.2,CAD
TXN00000325,ACCT000302,2025-10-26,Payment,745.26,USD
TXN00000326,ACCT000052,2025-05-27,Purchase,2815.61,GBP
TXN00000327,ACCT000136,2025-07-16,Fee,4390.08,CAD
TXN00000328,ACCT000020,2025-03-30,Transfer,3046.77,USD
TXN00000329,ACCT000312,2025-12-15,Interest,723.54,CAD
TXN00000330,ACCT000170,2025-12-20,Purchase,1981.98,USD
TXN00000331,ACCT000138,2025-07-10,Purchase,3730.02,USD
TXN00000332,ACCT000156,2025-06-09,Fee,4087.84,USD
TXN00000333,ACCT000351,2025-02-20,Interest,4291.88,USD
TXN00000334,ACCT000381,2025-08-15,Payment,1505.9,USD
TXN00000335,ACCT000310,2025-11-27,Fee,3645.35,USD
TXN00000336,ACCT000209,2025-09-06,Payment,2211.37,GBP
TXN00000337,ACCT000264,2025-03-23,Fee,4105.98,USD
TXN00000338,ACCT000207,2025-03-11,Fee,3549.3,GBP
TXN00000339,ACCT000099,2025-04-13,Transfer,149.6,USD
TXN00000340,ACCT000026,2025-07-04,Payment,170.19,USD
TXN00000341,ACCT000238,2025-09-16,Fee,1844.92,CAD
TXN00000342,ACCT000124,2025-07-10,Purchase,3407.47,CAD
TXN00000343,ACCT000243,2025-10-28,Transfer,2233.29,GBP
TXN00000344,ACCT000133,2025-12-19,Fee,1724.52,USD
TXN00000345,ACCT000026,2025-03-25,Fee,142.12,GBP
TXN00000346,ACCT000332,2025-04-26,Payment,4286.27,USD
TXN00000347,ACCT000263,2025-01-11,Fee,3259.68,USD
TXN00000348,ACCT000332,2025-03-30,Interest,4558.02,GBP
TXN00000349,ACCT000312,2025-06-06,Purchase,1122.73,USD
TXN00000350,ACCT000179,2025-08-24,Interest,4477.94,USD
TXN00000351,ACCT000347,2025-09-24,Payment,2336.16,GBP
TXN00000352,ACCT000004,2025-09-19,Interest,2924.51,USD
TXN00000353,ACCT000312,2025-05-25,Transfer,3238.47,USD
TXN00000354,ACCT000173,2025-05-22,Purchase,2411.28,USD
TXN00000355,ACCT000365,2025-11-30,Fee,1309.43,USD
TXN00000356,ACCT000392,2025-05-04,Payment,753.9,USD
TXN00000357,ACCT000164,2025-12-15,Transfer,2023.47,USD
TXN00000358,ACCT000152,2025-05-13,Purchase,3278.73,CAD
TXN00000359,ACCT000019,2025-10-26,Interest,1944.43,GBP
TXN00000360,ACCT000366,2025-04-24,Payment,1719.12,GBP
TXN00000361,ACCT000344,2025-07-03,Interest,4533.1,GBP
TXN00000362,ACCT000337,2025-10-13,Fee,4227.87,USD
TXN00000363,ACCT000066,2025-05-13,Fee,492.53,GBP
TXN00000364,ACCT000172,2025-12-02,Payment,4734.88,USD
TXN00000365,ACCT000382,2025-06-07,Payment,1779.64,CAD
TXN00000366,ACCT000300,2025-05-31,Fee,1861.55,CAD
TXN00000367,ACCT000325,2025-10-26,Purchase,2355.33,GBP
TXN00000368,ACCT000100,2025-09-14,Transfer,360.72,USD
TXN00000369,ACCT000212,2025-01-28,Interest,2651.54,USD
TXN00000370,ACCT000176,2025-07-29,Payment,4961.78,GBP
TXN00000371,ACCT000367,2025-04-03,Interest,720.4,USD
TXN00000372,ACCT000091,2025-06-10,Interest,1666.48,USD
TXN00000373,ACCT000108,2025-03-28,Purchase,2263.01,GBP
TXN00000374,ACCT000391,2025-02-15,Payment,2450.44,USD
TXN00000375,ACCT000220,2025-07-26,Transfer,2171.39,CAD
TXN00000376,ACCT000020,2025-10-01,Interest,1919.67,USD
TXN00000377,ACCT000165,2025-09-29,Fee,4750.59,USD
TXN00000378,ACCT000321,2025-05-08,Purchase,3385.36,USD
TXN00000379,ACCT000053,2025-07-16,Fee,1563.9,GBP
TXN00000380,ACCT000034,2025-01-24,Transfer,1534.04,USD
TXN00000381,ACCT000267,2025-11-02,Fee,2282.35,GBP
TXN00000382,ACCT000352,2025-03-10,Fee,2171.16,USD
TXN00000383,ACCT000097,2025-03-26,Interest,1799.46,CAD
TXN00000384,ACCT000373,2025-03-09,Purchase,1145.95,USD
TXN00000385,ACCT000087,2025-03-05,Purchase,2950.52,USD
TXN00000386,ACCT000328,2025-05-11,Purchase,1879.09,GBP
TXN00000387,ACCT000025,2025-12-05,Transfer,247.69,USD
TXN00000388,ACCT000060,2025-08-02,Purchase,245.93,CAD
TXN00000389,ACCT000130,2025-08-31,Interest,622.36,USD
TXN00000390,ACCT000323,2025-01-05,Payment,3477.48,USD
TXN00000391,ACCT000340,2025-09-24,Interest,3310.01,USD
TXN00000392,ACCT000071,2025-08-03,Transfer,3030.14,USD
TXN00000393,ACCT000061,2025-05-25,Transfer,3595.24,USD
TXN00000394,ACCT000312,2025-04-13,Purchase,2491.21,USD
TXN00000395,ACCT000184,2025-12-27,Transfer,4865.73,CAD
TXN00000396,ACCT000281,2025-09-12,Fee,806.07,USD
TXN00000397,ACCT000002,2025-01-07,Interest,1656.37,USD
TXN00000398,ACCT000343,2025-09-10,Purchase,4176.98,USD
TXN00000399,ACCT000039,2025-02-21,Purchase,3898.73,USD
TXN00000400,ACCT000152,2025-05-16,Payment,2286.47,CAD
TXN00000401,ACCT000090,2025-01-21,Purchase,503.55,USD
TXN00000402,ACCT000161,2025-08-07,Fee,4008.97,USD
TXN00000403,ACCT000024,2025-01-05,Purchase,4256.97,USD
TXN00000404,ACCT000225,2025-11-15,Payment,1646.66,USD
TXN00000405,ACCT000176,2025-04-04,Purchase,1866.25,USD
TXN00000406,ACCT000234,2025-05-20,Interest,2004.25,CAD
TXN00000407,ACCT000333,2025-03-27,Interest,4000.5,USD
TXN00000408,ACCT000031,2025-03-23,Payment,3482.37,USD
TXN00000409,ACCT000248,2025-10-19,Interest,4556.58,CAD
TXN00000410,ACCT000399,2025-07-03,Payment,3058.56,GBP
TXN00000411,ACCT000373,2025-03-08,Purchase,4313.57,CAD
TXN00000412,ACCT000211,2025-08-14,Interest,569.12,USD
TXN00000413,ACCT000161,2025-01-07,Purchase,1311.76,GBP
TXN00000414,ACCT000115,2025-12-09,Transfer,3620.25,USD
TXN00000415,ACCT000359,2025-11-13,Transfer,2617.9,USD
TXN00000416,ACCT000128,2025-09-04,Interest,3310.26,USD
TXN00000417,ACCT000286,2025-11-10,Interest,747.53,USD
TXN00000418,ACCT000081,2025-09-16,Purchase,3218.78,CAD
TXN00000419,ACCT000039,2025-09-09,Interest,4347.73,USD
TXN00000420,ACCT000143,2025-01-26,Payment,1657.82,GBP
TXN00000421,ACCT000194,2025-07-26,Payment,2754.73,USD
TXN00000422,ACCT000294,2025-08-18,Purchase,2298.18,USD
TXN00000423,ACCT000061,2025-09-12,Interest,2238.11,USD
TXN00000424,ACCT000019,2025-10-13,Purchase,2020.18,GBP
TXN00000425,ACCT000310,2025-11-13,Purchase,4130.41,USD
TXN00000426,ACCT000336,2025-12-10,Transfer,2813.85,CAD
TXN00000427,ACCT000028,2025-04-25,Fee,1819.9,CAD
TXN00000428,ACCT000318,2025-11-04,Fee,2802.95,CAD
TXN00000429,ACCT000059,2025-02-19,Fee,3580.99,USD
TXN00000430,ACCT000325,2025-05-30,Purchase,1710.08,GBP
TXN00000431,ACCT000055,2025-01-24,Transfer,1872.58,USD
TXN00000432,ACCT000368,2025-07-29,Interest,706.54,USD
TXN00000433,ACCT000097,2025-03-03,Fee,3056.2,CAD
TXN00000434,ACCT000098,2025-06-23,Payment,2287.94,USD
TXN00000435,ACCT000325,2025-12-11,Interest,237.27,GBP
TXN00000436,ACCT000231,2025-08-23,Purchase,3861.87,GBP
TXN00000437,ACCT000256,2025-01-03,Transfer,677.51,GBP
TXN00000438,ACCT000222,2025-10-27,Purchase,2768.37,CAD
TXN00000439,ACCT000091,2025-12-21,Transfer,3906.5,GBP
TXN00000440,ACCT000066,2025-02-23,Payment,3653.82,CAD
TXN00000441,ACCT000165,2025-09-16,Transfer,3032.77,CAD
TXN00000442,ACCT000355,2025-05-08,Interest,4897.61,USD
TXN00000443,ACCT000151,2025-08-20,Interest,4818.15,USD
TXN00000444,ACCT000359,2025-09-20,Payment,2066.66,USD
TXN00000445,ACCT000365,2025-10-11,Transfer,4304.23,USD
TXN00000446,ACCT000366,2025-05-29,Payment,1052.51,USD
TXN00000447,ACCT000333,2025-04-02,Payment,4906.77,GBP
TXN00000448,ACCT000166,2025-12-30,Transfer,3473.09,USD
TXN00000449,ACCT000299,2025-10-20,Fee,2813.59,CAD
TXN00000450,ACCT000217,2025-01-07,Transfer,1433.21,GBP
TXN00000451,ACCT000075,2025-01-28,Purchase,131.23,USD
TXN00000452,ACCT000083,2025-05-27,Payment,1338.56,USD
TXN00000453,ACCT000354,2025-06-01,Payment,4197.71,USD
TXN00000454,ACCT000232,2025-02-22,Transfer,166.37,GBP
TXN00000455,ACCT000381,2025-11-28,Transfer,4324.88,GBP
TXN00000456,ACCT000357,2025-05-28,Interest,1191.79,USD
TXN00000457,ACCT000351,2025-06-10,Interest,1940.84,GBP
TXN00000458,ACCT000129,2025-04-14,Purchase,69.76,GBP
TXN00000459,ACCT000325,2025-12-27,Interest,4150.77,USD
TXN00000460,ACCT000309,2025-04-11,Transfer,2735.34,USD
TXN00000461,ACCT000350,2025-02-08,Fee,2246.83,USD
TXN00000462,ACCT000062,2025-07-13,Payment,3676.72,USD
TXN00000463,ACCT000136,2025-03-08,Interest,1399.17,USD
TXN00000464,ACCT000003,2025-06-19,Transfer,4230.84,CAD
TXN00000465,ACCT000166,2025-11-02,Payment,204.5,USD
TXN00000466,ACCT000155,2025-09-09,Transfer,4216.48,GBP
TXN00000467,ACCT000363,2025-06-12,Transfer,1793.64,GBP
TXN00000468,ACCT000267,2025-02-04,Payment,4785.15,GBP
TXN00000469,ACCT000275,2025-07-26,Payment,2082.58,USD
TXN00000470,ACCT000110,2025-12-06,Fee,1109.88,USD
TXN00000471,ACCT000112,2025-11-13,Fee,1807.19,GBP
TXN00000472,ACCT000386,2025-11-29,Interest,4983.17,USD
TXN00000473,ACCT000229,2025-05-04,Purchase,3346.35,GBP
TXN00000474,ACCT000021,2025-12-16,Transfer,1222.92,USD
TXN00000475,ACCT000059,2025-07-17,Interest,4580.08,USD
TXN00000476,ACCT000013,2025-09-22,Transfer,3621.26,USD
TXN00000477,ACCT000229,2025-09-07,Transfer,4015.07,USD
TXN00000478,ACCT000099,2025-06-14,Fee,4491.92,GBP
TXN00000479,ACCT000086,2025-10-03,Purchase,4741.32,GBP
TXN00000480,ACCT000108,2025-12-10,Purchase,3136.53,USD
TXN00000481,ACCT000106,2025-10-03,Interest,4179.15,CAD
TXN00000482,ACCT000079,2025-01-13,Purchase,3735.72,CAD
TXN00000483,ACCT000038,2025-01-28,Fee,194.24,USD
TXN00000484,ACCT000295,2025-04-27,Fee,2792.63,USD
TXN00000485,ACCT000323,2025-07-27,Interest,1943.22,CAD
TXN00000486,ACCT000345,2025-03-02,Fee,89.37,GBP
TXN00000487,ACCT000317,2025-02-02,Purchase,3208.91,GBP
TXN00000488,ACCT000038,2025-07-03,Purchase,3505.91,GBP
TXN00000489,ACCT000352,2025-06-04,Purchase,1452.73,GBP
TXN00000490,ACCT000225,2025-07-15,Purchase,1411.18,CAD
TXN00000491,ACCT000274,2025-04-23,Purchase,2372.57,USD
TXN00000492,ACCT000280,2025-06-01,Interest,3984.87,USD
TXN00000493,ACCT000374,2025-11-28,Fee,3388.06,USD
TXN00000494,ACCT000285,2025-03-14,Purchase,2769.85,USD
TXN00000495,ACCT000306,2025-07-21,Purchase,30.12,GBP
TXN00000496,ACCT000157,2025-04-18,Transfer,4735.16,USD
TXN00000497,ACCT000331,2025-09-20,Payment,2066.21,USD
TXN00000498,ACCT000316,2025-05-10,Payment,924.04,USD
TXN00000499,ACCT000291,2025-01-28,Purchase,910.88,GBP
TXN00000500,ACCT000038,2025-05-29,Interest,3225.15,USD
TXN00000501,ACCT000372,2025-10-25,Fee,495.52,CAD
TXN00000502,ACCT000344,2025-12-02,Fee,1788.91,USD
TXN00000503,ACCT000036,2025-04-10,Purchase,1429.26,USD
TXN00000504,ACCT000316,2025-12-04,Interest,2255.98,USD
TXN00000505,ACCT000291,2025-07-06,Transfer,766.21,USD
TXN00000506,ACCT000161,2025-05-07,Interest,847.35,USD
TXN00000507,ACCT000185,2025-03-10,Interest,1387.02,USD
TXN00000508,ACCT000184,2025-06-06,Interest,2316.93,CAD
TXN00000509,ACCT000331,2025-11-07,Transfer,548.62,USD
TXN00000510,ACCT000072,2025-10-03,Fee,4294.27,USD
TXN00000511,ACCT000321,2025-02-09,Fee,3669.06,USD
TXN00000512,ACCT000324,2025-01-16,Purchase,4248.69,GBP
TXN00000513,ACCT000303,2025-04-19,Transfer,2028.65,USD
TXN00000514,ACCT000277,2025-08-30,Transfer,1306.78,USD
TXN00000515,ACCT000396,2025-10-29,Fee,1965.53,USD
TXN00000516,ACCT000262,2025-02-16,Payment,2326.18,CAD
TXN00000517,ACCT000340,2025-05-03,Fee,2513.33,GBP
TXN00000518,ACCT000072,2025-08-17,Payment,3787.24,USD
TXN00000519,ACCT000290,2025-12-04,Payment,2833.95,USD
TXN00000520,ACCT000021,2025-04-23,Interest,4696.18,CAD
TXN00000521,ACCT000190,2025-04-30,Payment,318.99,USD
TXN00000522,ACCT000185,2025-07-18,Payment,2591.84,CAD
TXN00000523,ACCT000021,2025-11-29,Interest,4408.35,USD
TXN00000524,ACCT000267,2025-11-21,Purchase,3520.16,USD
TXN00000525,ACCT000292,2025-03-31,Fee,2895.26,CAD
TXN00000526,ACCT000335,2025-02-09,Interest,1829.66,GBP
TXN00000527,ACCT000115,2025-09-22,Fee,1884.76,CAD
TXN00000528,ACCT000177,2025-09-07,Fee,4087.1,CAD
TXN00000529,ACCT000072,2025-08-14,Transfer,37.96,USD
TXN00000530,ACCT000330,2025-05-24,Payment,390.06,USD
TXN00000531,ACCT000186,2025-11-05,Payment,938.59,USD
TXN00000532,ACCT000170,2025-02-28,Payment,2076.0,CAD
TXN00000533,ACCT000303,2025-03-24,Interest,2397.71,CAD
TXN00000534,ACCT000066,2025-10-21,Purchase,1222.13,GBP
TXN00000535,ACCT000263,2025-01-21,Payment,677.95,GBP
TXN00000536,ACCT000133,2025-04-03,Payment,284.28,GBP
TXN00000537,ACCT000289,2025-11-23,Interest,2998.79,USD
TXN00000538,ACCT000111,2025-08-18,Fee,4736.53,GBP
TXN00000539,ACCT000088,2025-04-23,Interest,4337.18,CAD
TXN00000540,ACCT000299,2025-04-04,Transfer,717.85,GBP
TXN00000541,ACCT000371,2025-12-18,Transfer,1326.28,USD
TXN00000542,ACCT000036,2025-04-28,Interest,2984.68,CAD
TXN00000543,ACCT000009,2025-04-14,Interest,665.4,GBP
TXN00000544,ACCT000077,2025-11-07,Transfer,3423.42,USD
TXN00000545,ACCT000315,2025-11-04,Payment,2381.97,USD
TXN00000546,ACCT000061,2025-02-17,Transfer,2519.13,CAD
TXN00000547,ACCT000277,2025-01-01,Payment,4510.41,CAD
TXN00000548,ACCT000023,2025-12-24,Transfer,2106.32,GBP
TXN00000549,ACCT000247,2025-07-15,Interest,1151.28,USD
TXN00000550,ACCT000390,2025-12-23,Transfer,4024.08,GBP
TXN00000551,ACCT000131,2025-09-02,Purchase,2130.32,USD
TXN00000552,ACCT000279,2025-07-29,Purchase,1419.92,USD
TXN00000553,ACCT000381,2025-01-04,Payment,32.32,GBP
TXN00000554,ACCT000004,2025-07-12,Transfer,593.55,USD
TXN00000555,ACCT000055,2025-03-21,Fee,2047.18,CAD
TXN00000556,ACCT000275,2025-08-05,Transfer,1271.9,GBP
TXN00000557,ACCT000349,2025-07-23,Fee,3061.34,USD
TXN00000558,ACCT000286,2025-09-05,Interest,2762.76,USD
TXN00000559,ACCT000248,2025-05-10,Fee,2797.67,USD
TXN00000560,ACCT000362,2025-07-23,Transfer,1725.06,USD
TXN00000561,ACCT000229,2025-12-25,Purchase,3740.33,USD
TXN00000562,ACCT000206,2025-06-23,Purchase,1076.22,GBP
TXN00000563,ACCT000362,2025-01-27,Transfer,3486.8,USD
TXN00000564,ACCT000003,2025-02-16,Interest,4823.03,USD
TXN00000565,ACCT000223,2025-02-15,Interest,4629.68,USD
TXN00000566,ACCT000041,2025-11-08,Fee,1112.74,USD
TXN00000567,ACCT000206,2025-11-11,Interest,4653.77,GBP
TXN00000568,ACCT000306,2025-01-30,Fee,3559.47,USD
TXN00000569,ACCT000104,2025-12-03,Interest,2197.67,GBP
TXN00000570,ACCT000307,2025-09-19,Fee,977.76,GBP
TXN00000571,ACCT000346,2025-01-19,Payment,3077.87,USD
TXN00000572,ACCT000081,2025-02-14,Payment,3276.82,USD
TXN00000573,ACCT000203,2025-07-27,Interest,1768.87,GBP
TXN00000574,ACCT000378,2025-12-27,Payment,2591.12,USD
TXN00000575,ACCT000372,2025-10-14,Purchase,2750.22,GBP
TXN00000576,ACCT000142,2025-04-26,Fee,1740.64,GBP
TXN00000577,ACCT000207,2025-10-22,Payment,2276.52,USD
TXN00000578,ACCT000260,2025-02-24,Fee,879.3,GBP
TXN00000579,ACCT000175,2025-03-01,Purchase,2518.33,GBP
TXN00000580,ACCT000295,2025-05-09,Fee,4381.18,CAD
TXN00000581,ACCT000395,2025-05-05,Interest,2818.03,USD
TXN00000582,ACCT000301,2025-01-15,Interest,3409.57,CAD
TXN00000583,ACCT000196,2025-11-21,Purchase,1292.81,USD
TXN00000584,ACCT000212,2025-06-30,Payment,4001.81,GBP
TXN00000585,ACCT000135,2025-05-08,Transfer,53.57,USD
TXN00000586,ACCT000384,2025-06-25,Purchase,1997.66,USD
TXN00000587,ACCT000244,2025-06-10,Transfer,4657.32,USD
TXN00000588,ACCT000138,2025-04-04,Payment,4472.11,USD
TXN00000589,ACCT000121,2025-05-04,Interest,3686.88,USD
TXN00000590,ACCT000128,2025-11-13,Payment,1149.89,USD
TXN00000591,ACCT000062,2025-02-10,Payment,3895.8,CAD
TXN00000592,ACCT000278,2025-01-22,Transfer,38.09,CAD
TXN00000593,ACCT000253,2025-10-22,Fee,3105.23,USD
TXN00000594,ACCT000392,2025-09-19,Interest,918.44,USD
TXN00000595,ACCT000296,2025-03-07,Interest,1114.35,USD
TXN00000596,ACCT000245,2025-10-04,Transfer,3997.35,USD
TXN00000597,ACCT000352,2025-03-31,Transfer,1739.71,CAD
TXN00000598,ACCT000236,2025-06-11,Purchase,3492.73,USD
TXN00000599,ACCT000195,2025-10-25,Purchase,3372.14,USD
TXN00000600,ACCT000133,2025-04-06,Fee,1811.2,GBP
TXN00000601,ACCT000242,2025-11-10,Fee,1189.51,USD
TXN00000602,ACCT000218,2025-04-18,Fee,923.65,CAD
TXN00000603,ACCT000206,2025-05-24,Fee,1828.56,CAD
TXN00000604,ACCT000295,2025-12-18,Payment,2859.19,USD
TXN00000605,ACCT000121,2025-10-12,Purchase,3605.47,CAD
TXN00000606,ACCT000379,2025-03-18,Interest,984.34,CAD
TXN00000607,ACCT000256,2025-03-10,Purchase,887.15,GBP
TXN00000608,ACCT000250,2025-06-03,Transfer,3604.2,USD
TXN00000609,ACCT000025,2025-07-23,Transfer,4293.22,USD
TXN00000610,ACCT000131,2025-09-01,Payment,304.88,USD
TXN00000611,ACCT000134,2025-07-04,Interest,3724.24,USD
TXN00000612,ACCT000132,2025-06-26,Transfer,2789.67,USD
TXN00000613,ACCT000348,2025-11-07,Interest,610.58,USD
TXN00000614,ACCT000333,2025-10-03,Transfer,2881.59,USD
TXN00000615,ACCT000345,2025-09-19,Fee,1778.77,CAD
TXN00000616,ACCT000196,2025-11-11,Interest,4448.71,USD
TXN00000617,ACCT000075,2025-03-27,Interest,3160.4,USD
TXN00000618,ACCT000293,2025-07-27,Interest,3158.21,USD
TXN00000619,ACCT000117,2025-06-10,Purchase,814.19,USD
TXN00000620,ACCT000310,2025-11-27,Fee,3553.62,CAD
TXN00000621,ACCT000400,2025-07-05,Fee,4439.02,GBP
TXN00000622,ACCT000212,2025-03-27,Transfer,4827.8,USD
TXN00000623,ACCT000121,2025-12-05,Purchase,629.57,USD
TXN00000624,ACCT000204,2025-02-22,Purchase,1056.8,USD
TXN00000625,ACCT000243,2025-10-08,Purchase,4684.28,USD
TXN00000626,ACCT000269,2025-02-12,Purchase,3855.81,USD
TXN00000627,ACCT000044,2025-12-02,Fee,3092.42,CAD
TXN00000628,ACCT000378,2025-05-26,Fee,1150.63,CAD
TXN00000629,ACCT000088,2025-01-15,Payment,660.73,USD
TXN00000630,ACCT000167,2025-09-01,Fee,4302.54,CAD
TXN00000631,ACCT000281,2025-08-16,Transfer,4674.61,USD
TXN00000632,ACCT000306,2025-08-22,Transfer,889.3,GBP
TXN00000633,ACCT000328,2025-10-01,Interest,2619.68,USD
TXN00000634,ACCT000117,2025-02-15,Fee,2410.85,CAD
TXN00000635,ACCT000134,2025-03-21,Fee,1832.09,USD
TXN00000636,ACCT000389,2025-03-11,Purchase,5.46,USD
TXN00000637,ACCT000005,2025-12-19,Fee,2348.64,CAD
TXN00000638,ACCT000393,2025-08-09,Interest,1501.55,USD
TXN00000639,ACCT000004,2025-10-08,Transfer,1159.92,USD
TXN00000640,ACCT000288,2025-08-12,Payment,2061.62,CAD
TXN00000641,ACCT000378,2025-11-27,Payment,820.53,CAD
TXN00000642,ACCT000041,2025-08-05,Interest,1106.86,USD
TXN00000643,ACCT000314,2025-12-22,Transfer,3823.87,USD
TXN00000644,ACCT000273,2025-05-18,Fee,3244.04,CAD
TXN00000645,ACCT000094,2025-03-11,Payment,4268.14,USD
TXN00000646,ACCT000317,2025-08-20,Purchase,3186.28,USD
TXN00000647,ACCT000165,2025-01-10,Transfer,2462.52,USD
TXN00000648,ACCT000012,2025-04-06,Purchase,4848.73,USD
TXN00000649,ACCT000367,2025-08-13,Fee,1349.63,USD
TXN00000650,ACCT000008,2025-09-10,Payment,455.53,USD
TXN00000651,ACCT000256,2025-07-10,Fee,2104.11,CAD
TXN00000652,ACCT000385,2025-03-16,Purchase,1654.59,USD
TXN00000653,ACCT000037,2025-10-06,Fee,3879.39,CAD
TXN00000654,ACCT000129,2025-07-15,Payment,965.0,USD
TXN00000655,ACCT000366,2025-05-08,Purchase,4873.12,CAD
TXN00000656,ACCT000018,2025-04-12,Interest,1239.58,CAD
TXN00000657,ACCT000107,2025-08-31,Purchase,2608.09,CAD
TXN00000658,ACCT000082,2025-11-19,Fee,4681.4,USD
TXN00000659,ACCT000130,2025-09-04,Transfer,2607.03,USD
TXN00000660,ACCT000027,2025-12-08,Payment,1805.33,USD
TXN00000661,ACCT000223,2025-06-16,Purchase,1183.65,USD
TXN00000662,ACCT000300,2025-03-03,Payment,3972.98,CAD
TXN00000663,ACCT000022,2025-10-25,Payment,49.6,CAD
TXN00000664,ACCT000395,2025-02-15,Transfer,779.18,USD
TXN00000665,ACCT000352,2025-11-13,Payment,2502.1,USD
TXN00000666,ACCT000331,2025-03-20,Purchase,303.58,GBP
TXN00000667,ACCT000120,2025-06-12,Purchase,633.51,GBP
TXN00000668,ACCT000225,2025-04-09,Fee,4028.6,USD
TXN00000669,ACCT000069,2025-05-09,Interest,1794.05,USD
TXN00000670,ACCT000287,2025-05-31,Interest,3534.6,GBP
TXN00000671,ACCT000096,2025-10-06,Interest,952.93,USD
TXN00000672,ACCT000141,2025-11-03,Fee,3663.35,GBP
TXN00000673,ACCT000080,2025-08-19,Payment,349.04,USD
TXN00000674,ACCT000233,2025-01-01,Fee,2710.32,GBP
TXN00000675,ACCT000010,2025-11-14,Interest,3669.62,USD
TXN00000676,ACCT000370,2025-02-02,Transfer,1197.74,GBP
TXN00000677,ACCT000350,2025-09-12,Interest,953.4,GBP
TXN00000678,ACCT000166,2025-07-29,Payment,3067.13,USD
TXN00000679,ACCT000338,2025-02-04,Purchase,485.8,USD
TXN00000680,ACCT000017,2025-04-14,Payment,897.3,USD
TXN00000681,ACCT000017,2025-10-20,Interest,962.13,CAD
TXN00000682,ACCT000360,2025-10-30,Interest,2631.48,USD
TXN00000683,ACCT000311,2025-02-06,Purchase,1834.94,USD
TXN00000684,ACCT000041,2025-08-28,Payment,3280.47,USD
TXN00000685,ACCT000213,2025-07-08,Fee,2792.31,USD
TXN00000686,ACCT000021,2025-02-06,Transfer,1332.75,USD
TXN00000687,ACCT000266,2025-02-19,Purchase,4723.29,USD
TXN00000688,ACCT000098,2025-04-09,Payment,2660.65,GBP
TXN00000689,ACCT000092,2025-10-13,Payment,2852.29,GBP
TXN00000690,ACCT000393,2025-11-23,Interest,3731.81,GBP
TXN00000691,ACCT000360,2025-12-07,Fee,3374.09,CAD
TXN00000692,ACCT000093,2025-10-09,Purchase,838.21,CAD
TXN00000693,ACCT000081,2025-10-01,Transfer,1690.88,GBP
TXN00000694,ACCT000162,2025-10-09,Interest,4667.93,USD
TXN00000695,ACCT000325,2025-08-09,Fee,2064.65,USD
TXN00000696,ACCT000280,2025-04-20,Transfer,1207.41,CAD
TXN00000697,ACCT000131,2025-07-04,Transfer,4631.1,CAD
TXN00000698,ACCT000001,2025-01-18,Interest,4799.32,USD
TXN00000699,ACCT000070,2025-06-04,Transfer,86.43,USD
TXN00000700,ACCT000110,2025-06-11,Fee,4922.05,USD
TXN00000701,ACCT000262,2025-10-12,Fee,4595.96,GBP
TXN00000702,ACCT000020,2025-08-24,Transfer,777.8,USD
TXN00000703,ACCT000188,2025-10-26,Payment,696.35,USD
TXN00000704,ACCT000154,2025-02-17,Payment,1284.94,GBP
TXN00000705,ACCT000112,2025-02-09,Interest,2847.48,USD
TXN00000706,ACCT000354,2025-12-26,Interest,868.65,GBP
TXN00000707,ACCT000154,2025-01-20,Purchase,2978.18,GBP
TXN00000708,ACCT000029,2025-06-21,Interest,396.99,USD
TXN00000709,ACCT000062,2025-04-27,Interest,2085.53,GBP
TXN00000710,ACCT000324,2025-07-15,Purchase,3171.27,USD
TXN00000711,ACCT000164,2025-10-04,Fee,2624.29,GBP
TXN00000712,ACCT000358,2025-04-24,Payment,1637.52,USD
TXN00000713,ACCT000202,2025-08-17,Purchase,3369.81,GBP
TXN00000714,ACCT000114,2025-08-10,Transfer,2526.12,USD
TXN00000715,ACCT000173,2025-02-12,Interest,744.32,CAD
TXN00000716,ACCT000281,2025-07-24,Transfer,3727.85,USD
TXN00000717,ACCT000223,2025-12-24,Purchase,1995.64,USD
TXN00000718,ACCT000102,2025-09-07,Payment,2407.21,CAD
TXN00000719,ACCT000316,2025-09-26,Transfer,984.52,USD
TXN00000720,ACCT000398,2025-08-09,Payment,362.86,USD
TXN00000721,ACCT000344,2025-07-31,Transfer,452.53,CAD
TXN00000722,ACCT000165,2025-06-26,Fee,1744.8,GBP
TXN00000723,ACCT000087,2025-06-29,Purchase,3849.56,GBP
TXN00000724,ACCT000226,2025-01-23,Interest,3117.79,USD
TXN00000725,ACCT000080,2025-02-13,Payment,3428.37,USD
TXN00000726,ACCT000318,2025-03-17,Purchase,1219.03,USD
TXN00000727,ACCT000057,2025-06-06,Purchase,1719.64,CAD
TXN00000728,ACCT000108,2025-10-03,Interest,118.63,USD
TXN00000729,ACCT000385,2025-05-13,Payment,2734.39,GBP
TXN00000730,ACCT000073,2025-12-22,Interest,3117.09,USD
TXN00000731,ACCT000340,2025-09-27,Interest,2917.11,USD
TXN00000732,ACCT000146,2025-04-13,Fee,855.75,GBP
TXN00000733,ACCT000336,2025-01-05,Fee,270.16,USD
TXN00000734,ACCT000340,2025-12-04,Interest,3303.56,USD
TXN00000735,ACCT000333,2025-07-17,Purchase,100.3,USD
TXN00000736,ACCT000364,2025-02-20,Interest,2545.16,USD
TXN00000737,ACCT000273,2025-02-15,Interest,4334.53,USD
TXN00000738,ACCT000235,2025-10-15,Payment,2505.75,USD
TXN00000739,ACCT000272,2025-06-06,Purchase,1240.72,USD
TXN00000740,ACCT000081,2025-01-10,Interest,1970.03,USD
TXN00000741,ACCT000155,2025-05-01,Fee,1780.11,GBP
TXN00000742,ACCT000321,2025-05-12,Fee,4060.4,CAD
TXN00000743,ACCT000144,2025-04-26,Purchase,4720.96,USD
TXN00000744,ACCT000337,2025-03-12,Fee,4486.39,USD
TXN00000745,ACCT000348,2025-11-10,Interest,2605.99,USD
TXN00000746,ACCT000079,2025-08-07,Interest,1205.6,USD
TXN00000747,ACCT000278,2025-03-09,Transfer,1649.78,USD
TXN00000748,ACCT000351,2025-04-14,Payment,2907.25,USD
TXN00000749,ACCT000269,2025-03-11,Fee,3444.22,CAD
TXN00000750,ACCT000290,2025-03-22,Payment,3282.88,USD
TXN00000751,ACCT000369,2025-03-02,Purchase,2788.91,USD
TXN00000752,ACCT000075,2025-01-16,Fee,4198.41,USD
TXN00000753,ACCT000156,2025-08-15,Interest,4806.17,USD
TXN00000754,ACCT000055,2025-03-09,Payment,3896.64,USD
TXN00000755,ACCT000314,2025-11-12,Purchase,3813.43,USD
TXN00000756,ACCT000119,2025-11-02,Transfer,2837.38,USD
TXN00000757,ACCT000184,2025-02-10,Payment,3438.45,CAD
TXN00000758,ACCT000310,2025-08-29,Payment,2514.11,USD
TXN00000759,ACCT000252,2025-08-31,Payment,4261.39,USD
TXN00000760,ACCT000017,2025-07-29,Payment,970.33,USD
TXN00000761,ACCT000114,2025-12-10,Fee,4751.24,USD
TXN00000762,ACCT000225,2025-11-12,Payment,335.35,CAD
TXN00000763,ACCT000127,2025-08-07,Fee,4334.54,CAD
TXN00000764,ACCT000195,2025-06-10,Purchase,3041.61,CAD
TXN00000765,ACCT000293,2025-11-01,Transfer,4696.0,GBP
TXN00000766,ACCT000361,2025-01-20,Transfer,3208.76,GBP
TXN00000767,ACCT000022,2025-05-06,Purchase,2260.79,GBP
TXN00000768,ACCT000377,2025-01-21,Transfer,1981.08,GBP
TXN00000769,ACCT000323,2025-01-26,Interest,2583.05,USD
TXN00000770,ACCT000156,2025-05-27,Fee,2200.57,CAD
TXN00000771,ACCT000314,2025-01-28,Payment,2115.2,GBP
TXN00000772,ACCT000331,2025-08-20,Payment,2320.58,USD
TXN00000773,ACCT000399,2025-10-27,Transfer,570.29,GBP
TXN00000774,ACCT000166,2025-08-19,Payment,1968.37,USD
TXN00000775,ACCT000365,2025-04-14,Payment,2271.14,CAD
TXN00000776,ACCT000355,2025-11-29,Purchase,1254.16,USD
TXN00000777,ACCT000362,2025-08-19,Purchase,460.5,USD
TXN00000778,ACCT000197,2025-09-19,Purchase,2621.47,GBP
TXN00000779,ACCT000195,2025-01-23,Payment,1896.5,USD
TXN00000780,ACCT000338,2025-03-18,Fee,2829.63,USD
TXN00000781,ACCT000365,2025-01-27,Payment,898.44,CAD
TXN00000782,ACCT000394,2025-08-17,Fee,1551.04,USD
TXN00000783,ACCT000068,2025-04-14,Payment,592.18,USD
TXN00000784,ACCT000007,2025-08-23,Transfer,3828.15,CAD
TXN00000785,ACCT000003,2025-11-08,Interest,2719.79,CAD
TXN00000786,ACCT000338,2025-09-01,Payment,1088.28,CAD
TXN00000787,ACCT000308,2025-11-04,Interest,2212.17,USD
TXN00000788,ACCT000143,2025-11-14,Payment,4411.43,GBP
TXN00000789,ACCT000076,2025-01-29,Payment,249.35,USD
TXN00000790,ACCT000017,2025-12-08,Purchase,731.15,GBP
TXN00000791,ACCT000045,2025-01-26,Transfer,1495.72,USD
TXN00000792,ACCT000083,2025-12-11,Interest,4968.71,USD
TXN00000793,ACCT000359,2025-11-01,Transfer,3306.32,GBP
TXN00000794,ACCT000234,2025-10-24,Transfer,891.21,USD
TXN00000795,ACCT000154,2025-06-15,Purchase,470.17,USD
TXN00000796,ACCT000389,2025-08-07,Interest,4102.22,GBP
TXN00000797,ACCT000069,2025-03-04,Purchase,1467.7,USD
TXN00000798,ACCT000269,2025-04-18,Fee,2637.63,USD
TXN00000799,ACCT000293,2025-11-19,Transfer,295.63,GBP
TXN00000800,ACCT000353,2025-11-06,Purchase,2420.9,USD
TXN00000801,ACCT000163,2025-05-13,Interest,3046.18,GBP
TXN00000802,ACCT000182,2025-03-08,Transfer,4975.15,GBP
TXN00000803,ACCT000374,2025-11-20,Transfer,2484.5,CAD
TXN00000804,ACCT000313,2025-04-30,Interest,4040.86,USD
TXN00000805,ACCT000013,2025-08-27,Payment,12.9,USD
TXN00000806,ACCT000213,2025-07-31,Payment,3998.82,USD
TXN00000807,ACCT000327,2025-04-19,Fee,1751.5,USD
TXN00000808,ACCT000131,2025-02-04,Payment,3451.64,USD
TXN00000809,ACCT000166,2025-01-04,Fee,2535.91,USD
TXN00000810,ACCT000371,2025-10-19,Fee,1710.1,GBP
TXN00000811,ACCT000100,2025-06-19,Purchase,4161.05,USD
TXN00000812,ACCT000019,2025-11-27,Interest,4581.23,USD
TXN00000813,ACCT000236,2025-10-02,Interest,781.15,USD
TXN00000814,ACCT000212,2025-01-29,Interest,3921.03,GBP
TXN00000815,ACCT000348,2025-06-11,Fee,2826.89,GBP
TXN00000816,ACCT000296,2025-12-17,Transfer,98.5,USD
TXN00000817,ACCT000077,2025-05-24,Fee,335.73,USD
TXN00000818,ACCT000321,2025-10-01,Fee,4918.18,USD
TXN00000819,ACCT000096,2025-11-01,Transfer,3030.42,USD
TXN00000820,ACCT000162,2025-12-30,Fee,3527.8,USD
TXN00000821,ACCT000255,2025-05-02,Fee,2072.28,USD
TXN00000822,ACCT000155,2025-04-21,Interest,4148.14,GBP
TXN00000823,ACCT000192,2025-01-20,Fee,879.19,USD
TXN00000824,ACCT000013,2025-09-05,Purchase,2221.65,GBP
TXN00000825,ACCT000248,2025-09-26,Payment,955.11,USD
TXN00000826,ACCT000051,2025-09-22,Fee,720.76,USD
TXN00000827,ACCT000236,2025-07-18,Payment,3624.23,GBP
TXN00000828,ACCT000023,2025-12-18,Purchase,25.53,GBP
TXN00000829,ACCT000024,2025-02-22,Purchase,1669.78,GBP
TXN00000830,ACCT000389,2025-06-09,Fee,117.29,USD
TXN00000831,ACCT000147,2025-05-22,Fee,1006.77,GBP
TXN00000832,ACCT000344,2025-03-02,Fee,3865.07,USD
TXN00000833,ACCT000059,2025-01-08,Payment,791.69,GBP
TXN00000834,ACCT000106,2025-10-05,Transfer,2572.73,USD
TXN00000835,ACCT000073,2025-12-27,Transfer,1595.83,USD
TXN00000836,ACCT000037,2025-06-09,Transfer,1227.9,GBP
TXN00000837,ACCT000026,2025-03-08,Fee,2705.18,USD
TXN00000838,ACCT000026,2025-02-24,Interest,4516.95,CAD
TXN00000839,ACCT000201,2025-04-02,Purchase,435.17,GBP
TXN00000840,ACCT000354,2025-12-25,Transfer,3149.21,CAD
TXN00000841,ACCT000171,2025-04-12,Transfer,1781.34,GBP
TXN00000842,ACCT000387,2025-08-27,Purchase,4868.54,GBP
TXN00000843,ACCT000358,2025-08-28,Payment,469.12,USD
TXN00000844,ACCT000330,2025-12-30,Interest,1555.41,CAD
TXN00000845,ACCT000115,2025-03-15,Interest,1162.31,GBP
TXN00000846,ACCT000201,2025-04-04,Fee,4564.74,USD
TXN00000847,ACCT000016,2025-02-03,Fee,2269.15,CAD
TXN00000848,ACCT000237,2025-03-29,Purchase,1760.45,USD
TXN00000849,ACCT000066,2025-09-18,Fee,3024.18,USD
TXN00000850,ACCT000055,2025-06-16,Interest,4088.68,GBP
TXN00000851,ACCT000273,2025-08-25,Purchase,3963.19,CAD
TXN00000852,ACCT000318,2025-05-05,Transfer,2070.14,GBP
TXN00000853,ACCT000197,2025-02-03,Payment,4869.59,USD
TXN00000854,ACCT000303,2025-08-09,Payment,4070.51,CAD
TXN00000855,ACCT000279,2025-12-22,Transfer,3937.7,USD
TXN00000856,ACCT000040,2025-12-31,Payment,3314.75,GBP
TXN00000857,ACCT000306,2025-08-26,Interest,576.04,USD
TXN00000858,ACCT000228,2025-04-01,Transfer,492.78,USD
TXN00000859,ACCT000056,2025-12-17,Interest,352.69,GBP
TXN00000860,ACCT000331,2025-12-05,Interest,1640.4,USD
TXN00000861,ACCT000072,2025-10-25,Purchase,1091.97,USD
TXN00000862,ACCT000232,2025-09-30,Payment,3306.1,USD
TXN00000863,ACCT000229,2025-04-11,Interest,3079.78,USD
TXN00000864,ACCT000348,2025-06-05,Fee,1502.18,CAD
TXN00000865,ACCT000299,2025-01-05,Fee,4951.49,GBP
TXN00000866,ACCT000066,2025-05-31,Transfer,2023.97,USD
TXN00000867,ACCT000028,2025-01-01,Fee,4505.87,GBP
TXN00000868,ACCT000145,2025-01-16,Fee,552.94,USD
TXN00000869,ACCT000202,2025-11-17,Interest,3512.6,USD
TXN00000870,ACCT000223,2025-10-07,Interest,2033.13,USD
TXN00000871,ACCT000097,2025-10-12,Payment,2376.98,CAD
TXN00000872,ACCT000079,2025-05-28,Fee,4200.61,USD
TXN00000873,ACCT000332,2025-01-09,Payment,62.96,USD
TXN00000874,ACCT000070,2025-02-13,Interest,3291.34,USD
TXN00000875,ACCT000357,2025-11-06,Interest,4301.46,CAD
TXN00000876,ACCT000261,2025-08-06,Transfer,903.09,GBP
TXN00000877,ACCT000116,2025-04-06,Interest,1926.65,CAD
TXN00000878,ACCT000256,2025-05-02,Transfer,42.11,GBP
TXN00000879,ACCT000280,2025-10-23,Fee,2057.13,USD
TXN00000880,ACCT000291,2025-09-05,Purchase,4891.28,USD
TXN00000881,ACCT000354,2025-02-10,Purchase,2903.44,USD
TXN00000882,ACCT000385,2025-05-24,Transfer,4917.98,CAD
TXN00000883,ACCT000313,2025-02-15,Transfer,395.78,USD
TXN00000884,ACCT000340,2025-12-09,Interest,3155.16,USD
TXN00000885,ACCT000160,2025-11-10,Transfer,3991.5,USD
TXN00000886,ACCT000006,2025-08-29,Fee,2677.49,CAD
TXN00000887,ACCT000294,2025-06-19,Transfer,4530.75,CAD
TXN00000888,ACCT000151,2025-05-29,Fee,4803.1,USD
TXN00000889,ACCT000306,2025-06-05,Purchase,3476.78,GBP
TXN00000890,ACCT000243,2025-10-24,Fee,311.78,USD
TXN00000891,ACCT000150,2025-11-16,Transfer,262.84,USD
TXN00000892,ACCT000065,2025-09-16,Fee,2426.38,USD
TXN00000893,ACCT000316,2025-05-24,Fee,1263.99,USD
TXN00000894,ACCT000058,2025-11-06,Fee,75.94,USD
TXN00000895,ACCT000338,2025-08-17,Transfer,3696.14,USD
TXN00000896,ACCT000359,2025-05-01,Payment,1309.96,CAD
TXN00000897,ACCT000017,2025-06-25,Payment,3997.86,USD
TXN00000898,ACCT000079,2025-09-11,Payment,2979.74,CAD
TXN00000899,ACCT000226,2025-11-23,Interest,1193.55,USD
TXN00000900,ACCT000177,2025-01-28,Payment,2890.9,USD
TXN00000901,ACCT000238,2025-07-24,Purchase,267.35,CAD
TXN00000902,ACCT000386,2025-09-30,Fee,2383.95,USD
TXN00000903,ACCT000200,2025-08-31,Interest,3419.13,USD
TXN00000904,ACCT000223,2025-01-07,Payment,2654.56,USD
TXN00000905,ACCT000162,2025-09-29,Interest,1913.11,USD
TXN00000906,ACCT000327,2025-07-01,Purchase,4588.97,CAD
TXN00000907,ACCT000140,2025-06-21,Transfer,4590.62,USD
TXN00000908,ACCT000131,2025-12-02,Fee,4012.57,GBP
TXN00000909,ACCT000346,2025-05-04,Interest,2308.24,GBP
TXN00000910,ACCT000347,2025-12-20,Payment,2602.16,USD
TXN00000911,ACCT000345,2025-01-05,Fee,2740.32,USD
TXN00000912,ACCT000269,2025-02-23,Purchase,2059.19,CAD
TXN00000913,ACCT000146,2025-05-09,Fee,1100.98,USD
TXN00000914,ACCT000048,2025-01-30,Purchase,123.38,GBP
TXN00000915,ACCT000327,2025-03-04,Payment,4752.69,USD
TXN00000916,ACCT000067,2025-07-12,Purchase,4282.92,GBP
TXN00000917,ACCT000357,2025-04-05,Payment,4480.53,USD
TXN00000918,ACCT000039,2025-11-24,Fee,2337.44,CAD
TXN00000919,ACCT000355,2025-12-08,Fee,3847.95,USD
TXN00000920,ACCT000038,2025-05-22,Fee,814.02,USD
TXN00000921,ACCT000031,2025-05-13,Interest,1946.01,USD
TXN00000922,ACCT000252,2025-04-13,Payment,2205.67,GBP
TXN00000923,ACCT000252,2025-02-25,Interest,896.32,USD
TXN00000924,ACCT000112,2025-11-11,Transfer,3844.69,USD
TXN00000925,ACCT000053,2025-01-18,Interest,3578.42,USD
TXN00000926,ACCT000129,2025-08-17,Purchase,2858.87,USD
TXN00000927,ACCT000328,2025-01-01,Interest,748.53,USD
TXN00000928,ACCT000359,2025-06-18,Interest,1335.85,CAD
TXN00000929,ACCT000363,2025-09-09,Transfer,23.5,CAD
TXN00000930,ACCT000373,2025-02-05,Interest,2022.54,GBP
TXN00000931,ACCT000353,2025-09-04,Payment,21.52,USD
TXN00000932,ACCT000184,2025-06-20,Transfer,2678.84,USD
TXN00000933,ACCT000332,2025-02-16,Interest,280.7,USD
TXN00000934,ACCT000175,2025-02-11,Transfer,4267.44,CAD
TXN00000935,ACCT000091,2025-10-11,Fee,3240.72,USD
TXN00000936,ACCT000154,2025-12-23,Interest,3305.37,CAD
TXN00000937,ACCT000184,2025-09-07,Purchase,3154.93,USD
TXN00000938,ACCT000072,2025-01-19,Interest,3677.94,USD
TXN00000939,ACCT000304,2025-05-03,Purchase,3600.1,CAD
TXN00000940,ACCT000277,2025-11-26,Interest,319.65,USD
TXN00000941,ACCT000231,2025-01-09,Interest,2672.03,USD
TXN00000942,ACCT000370,2025-01-22,Fee,284.99,CAD
TXN00000943,ACCT000335,2025-12-08,Purchase,1062.33,GBP
TXN00000944,ACCT000275,2025-03-18,Interest,4700.75,GBP
TXN00000945,ACCT000019,2025-03-14,Payment,4624.45,CAD
TXN00000946,ACCT000317,2025-01-24,Purchase,2358.74,USD
TXN00000947,ACCT000324,2025-01-26,Payment,76.75,USD
TXN00000948,ACCT000088,2025-10-30,Purchase,2283.64,USD
TXN00000949,ACCT000305,2025-11-12,Purchase,575.33,USD
TXN00000950,ACCT000219,2025-06-22,Purchase,4023.25,CAD
TXN00000951,ACCT000351,2025-10-22,Fee,608.41,GBP
TXN00000952,ACCT000110,2025-01-24,Payment,1611.34,GBP
TXN00000953,ACCT000062,2025-05-21,Payment,1680.84,USD
TXN00000954,ACCT000190,2025-10-11,Interest,844.41,USD
TXN00000955,ACCT000298,2025-01-21,Interest,1222.0,USD
TXN00000956,ACCT000324,2025-11-10,Purchase,3956.31,CAD
TXN00000957,ACCT000250,2025-02-11,Payment,83.07,USD
TXN00000958,ACCT000046,2025-12-28,Purchase,901.17,GBP
TXN00000959,ACCT000396,2025-09-01,Fee,2084.03,USD
TXN00000960,ACCT000139,2025-09-25,Payment,719.72,CAD
TXN00000961,ACCT000090,2025-11-09,Interest,1200.07,USD
TXN00000962,ACCT000256,2025-11-10,Transfer,904.1,USD
TXN00000963,ACCT000003,2025-10-13,Fee,1742.53,USD
TXN00000964,ACCT000272,2025-02-18,Payment,591.95,GBP
TXN00000965,ACCT000277,2025-09-17,Fee,4314.34,USD
TXN00000966,ACCT000338,2025-04-17,Interest,3852.8,USD
TXN00000967,ACCT000077,2025-12-17,Purchase,972.63,CAD
TXN00000968,ACCT000344,2025-01-23,Interest,885.74,USD
TXN00000969,ACCT000223,2025-05-09,Fee,1428.9,USD
TXN00000970,ACCT000389,2025-08-21,Transfer,4026.74,USD
TXN00000971,ACCT000276,2025-04-01,Purchase,3703.38,USD
TXN00000972,ACCT000060,2025-02-06,Purchase,2427.88,USD
TXN00000973,ACCT000167,2025-08-03,Interest,2965.57,USD
TXN00000974,ACCT000057,2025-06-16,Fee,1154.17,USD
TXN00000975,ACCT000212,2025-04-13,Purchase,1189.41,CAD
TXN00000976,ACCT000300,2025-09-06,Payment,372.28,USD
TXN00000977,ACCT000313,2025-08-21,Interest,728.98,USD
TXN00000978,ACCT000235,2025-04-10,Interest,1870.56,USD
TXN00000979,ACCT000066,2025-01-17,Fee,1015.04,GBP
TXN00000980,ACCT000057,2025-08-27,Purchase,1406.62,CAD
TXN00000981,ACCT000176,2025-04-23,Interest,860.15,USD
TXN00000982,ACCT000327,2025-11-10,Transfer,788.16,USD
TXN00000983,ACCT000118,2025-02-14,Transfer,4850.83,CAD
TXN00000984,ACCT000111,2025-10-30,Transfer,2448.62,CAD
TXN00000985,ACCT000374,2025-08-08,Interest,1399.46,USD
TXN00000986,ACCT000297,2025-04-24,Payment,1639.84,GBP
TXN00000987,ACCT000003,2025-08-02,Payment,4569.2,USD
TXN00000988,ACCT000376,2025-09-16,Purchase,4956.41,USD
TXN00000989,ACCT000246,2025-12-23,Interest,2657.95,USD
TXN00000990,ACCT000043,2025-10-13,Interest,2478.95,USD
TXN00000991,ACCT000068,2025-07-03,Interest,4749.92,USD
TXN00000992,ACCT000047,2025-01-09,Payment,3239.96,CAD
TXN00000993,ACCT000236,2025-10-20,Fee,813.21,GBP
TXN00000994,ACCT000238,2025-03-12,Purchase,4882.22,CAD
TXN00000995,ACCT000190,2025-11-17,Payment,3950.34,CAD
TXN00000996,ACCT000037,2025-07-17,Purchase,4302.61,USD
TXN00000997,ACCT000219,2025-05-19,Transfer,168.41,GBP
TXN00000998,ACCT000107,2025-12-17,Transfer,2878.27,USD
TXN00000999,ACCT000377,2025-01-29,Transfer,4404.83,GBP
TXN00001000,ACCT000057,2025-07-16,Fee,4440.45,USD
TXN00001001,ACCT000188,2025-07-07,Interest,3097.57,USD
TXN00001002,ACCT000288,2025-12-30,Transfer,3525.84,USD
TXN00001003,ACCT000123,2025-10-04,Payment,4906.35,USD
TXN00001004,ACCT000386,2025-10-25,Interest,3688.21,USD
TXN00001005,ACCT000137,2025-09-15,Payment,1605.72,CAD
TXN00001006,ACCT000191,2025-06-26,Fee,277.03,CAD
TXN00001007,ACCT000063,2025-08-29,Interest,2509.74,GBP
TXN00001008,ACCT000232,2025-11-14,Transfer,4497.76,USD
TXN00001009,ACCT000235,2025-02-14,Purchase,945.83,USD
TXN00001010,ACCT000148,2025-02-09,Interest,4490.24,USD
TXN00001011,ACCT000357,2025-03-17,Payment,1383.33,CAD
TXN00001012,ACCT000267,2025-11-18,Payment,4375.59,USD
TXN00001013,ACCT000350,2025-10-05,Fee,2085.6,USD
TXN00001014,ACCT000228,2025-11-27,Interest,1736.77,USD
TXN00001015,ACCT000012,2025-04-29,Fee,949.36,GBP
TXN00001016,ACCT000176,2025-12-02,Fee,2061.4,USD
TXN00001017,ACCT000357,2025-09-29,Interest,2968.82,GBP
TXN00001018,ACCT000291,2025-03-09,Interest,2292.75,USD
TXN00001019,ACCT000117,2025-09-05,Payment,3947.39,USD
TXN00001020,ACCT000025,2025-03-17,Fee,3849.9,USD
TXN00001021,ACCT000086,2025-11-13,Fee,2282.35,USD
TXN00001022,ACCT000090,2025-12-29,Transfer,1429.81,USD
TXN00001023,ACCT000022,2025-06-12,Payment,1193.34,GBP
TXN00001024,ACCT000190,2025-04-05,Payment,2207.24,USD
TXN00001025,ACCT000341,2025-06-12,Transfer,3537.14,USD
TXN00001026,ACCT000277,2025-03-25,Payment,1867.71,GBP
TXN00001027,ACCT000013,2025-07-27,Fee,611.84,CAD
TXN00001028,ACCT000164,2025-03-21,Payment,4739.21,USD
TXN00001029,ACCT000170,2025-11-28,Transfer,4878.13,USD
TXN00001030,ACCT000387,2025-10-21,Interest,4480.41,USD
TXN00001031,ACCT000227,2025-06-23,Transfer,3644.08,USD
TXN00001032,ACCT000072,2025-12-14,Interest,4501.37,GBP
TXN00001033,ACCT000206,2025-11-13,Purchase,1543.87,USD
TXN00001034,ACCT000168,2025-01-29,Interest,1790.18,GBP
TXN00001035,ACCT000114,2025-05-23,Payment,2919.24,USD
TXN00001036,ACCT000229,2025-12-13,Purchase,422.53,USD
TXN00001037,ACCT000252,2025-06-12,Transfer,1975.15,GBP
TXN00001038,ACCT000029,2025-12-08,Transfer,2560.22,USD
TXN00001039,ACCT000219,2025-07-09,Interest,743.99,CAD
TXN00001040,ACCT000177,2025-06-29,Fee,65.89,USD
TXN00001041,ACCT000045,2025-04-21,Interest,4372.14,CAD
TXN00001042,ACCT000148,2025-03-25,Interest,4019.41,CAD
TXN00001043,ACCT000301,2025-11-03,Interest,702.14,USD
TXN00001044,ACCT000244,2025-09-26,Payment,1042.88,USD
TXN00001045,ACCT000303,2025-07-12,Purchase,4666.1,USD
TXN00001046,ACCT000140,2025-08-01,Purchase,2050.26,USD
TXN00001047,ACCT000291,2025-03-12,Transfer,2313.29,USD
TXN00001048,ACCT000149,2025-10-11,Payment,4162.26,CAD
TXN00001049,ACCT000155,2025-10-27,Purchase,4114.88,USD
TXN00001050,ACCT000238,2025-04-25,Interest,2798.61,USD
TXN00001051,ACCT000154,2025-11-24,Purchase,774.35,CAD
TXN00001052,ACCT000148,2025-08-02,Purchase,3270.8,USD
TXN00001053,ACCT000331,2025-05-06,Interest,4534.43,USD
TXN00001054,ACCT000253,2025-02-04,Purchase,3824.77,GBP
TXN00001055,ACCT000290,2025-08-12,Fee,2907.42,USD
TXN00001056,ACCT000062,2025-07-11,Interest,4871.42,GBP
TXN00001057,ACCT000133,2025-03-25,Transfer,92.64,GBP
TXN00001058,ACCT000237,2025-12-21,Purchase,734.95,USD
TXN00001059,ACCT000140,2025-07-04,Fee,820.73,CAD
TXN00001060,ACCT000150,2025-09-29,Fee,248.33,USD
TXN00001061,ACCT000322,2025-04-04,Transfer,973.11,USD
TXN00001062,ACCT000279,2025-06-15,Transfer,3764.38,USD
TXN00001063,ACCT000358,2025-12-19,Fee,1360.94,USD
TXN00001064,ACCT000181,2025-03-15,Purchase,2674.43,USD
TXN00001065,ACCT000191,2025-09-06,Payment,2593.26,CAD
TXN00001066,ACCT000084,2025-02-22,Fee,4604.93,USD
TXN00001067,ACCT000097,2025-10-14,Payment,2519.4,GBP
TXN00001068,ACCT000365,2025-10-10,Transfer,4231.12,USD
TXN00001069,ACCT000040,2025-03-01,Interest,2305.15,USD
TXN00001070,ACCT000160,2025-12-20,Purchase,2400.19,USD
TXN00001071,ACCT000306,2025-09-25,Payment,4086.11,USD
TXN00001072,ACCT000015,2025-03-02,Payment,3550.92,USD
TXN00001073,ACCT000073,2025-12-19,Payment,4284.79,USD
TXN00001074,ACCT000067,2025-02-10,Fee,631.09,CAD
TXN00001075,ACCT000397,2025-09-05,Purchase,393.29,CAD
TXN00001076,ACCT000017,2025-12-04,Purchase,985.77,GBP
TXN00001077,ACCT000061,2025-05-10,Transfer,301.03,USD
TXN00001078,ACCT000006,2025-02-19,Purchase,1511.72,USD
TXN00001079,ACCT000103,2025-04-05,Transfer,1030.98,USD
TXN00001080,ACCT000383,2025-05-23,Purchase,458.44,GBP
TXN00001081,ACCT000257,2025-11-10,Fee,1764.26,USD
TXN00001082,ACCT000051,2025-10-24,Transfer,2853.33,USD
TXN00001083,ACCT000099,2025-05-25,Transfer,1088.91,USD
TXN00001084,ACCT000372,2025-02-20,Transfer,26.62,USD
TXN00001085,ACCT000244,2025-07-07,Transfer,4257.23,GBP
TXN00001086,ACCT000055,2025-04-03,Payment,2201.13,USD
TXN00001087,ACCT000264,2025-04-27,Interest,2123.34,CAD
TXN00001088,ACCT000161,2025-03-05,Purchase,3808.24,CAD
TXN00001089,ACCT000254,2025-07-04,Purchase,2601.04,USD
TXN00001090,ACCT000043,2025-06-17,Transfer,3612.07,CAD
TXN00001091,ACCT000234,2025-11-04,Purchase,1926.98,USD
TXN00001092,ACCT000209,2025-05-29,Interest,1133.24,CAD
TXN00001093,ACCT000244,2025-12-14,Payment,4284.58,USD
TXN00001094,ACCT000346,2025-09-09,Payment,68.87,USD
TXN00001095,ACCT000338,2025-12-13,Interest,2193.1,USD
TXN00001096,ACCT000206,2025-12-22,Purchase,721.12,GBP
TXN00001097,ACCT000087,2025-02-03,Purchase,3708.45,USD
TXN00001098,ACCT000305,2025-07-26,Payment,1696.47,USD
TXN00001099,ACCT000372,2025-09-13,Payment,4191.36,USD
TXN00001100,ACCT000388,2025-11-26,Transfer,2970.28,CAD
TXN00001101,ACCT000309,2025-07-27,Fee,2381.75,CAD
TXN00001102,ACCT000394,2025-08-21,Transfer,1398.06,USD
TXN00001103,ACCT000255,2025-04-29,Purchase,1257.2,USD
TXN00001104,ACCT000028,2025-02-04,Purchase,502.52,CAD
TXN00001105,ACCT000196,2025-11-06,Purchase,4860.5,USD
TXN00001106,ACCT000320,2025-02-19,Payment,1517.25,USD
TXN00001107,ACCT000239,2025-04-14,Transfer,3839.02,USD
TXN00001108,ACCT000134,2025-10-05,Interest,2453.8,USD
TXN00001109,ACCT000392,2025-01-17,Transfer,2735.37,CAD
TXN00001110,ACCT000162,2025-07-12,Purchase,1921.23,CAD
TXN00001111,ACCT000091,2025-10-13,Interest,184.73,USD
TXN00001112,ACCT000069,2025-06-09,Payment,2459.94,CAD
TXN00001113,ACCT000292,2025-12-12,Interest,3821.24,CAD
TXN00001114,ACCT000293,2025-08-29,Transfer,3428.44,CAD
TXN00001115,ACCT000260,2025-01-29,Transfer,4272.49,CAD
TXN00001116,ACCT000194,2025-11-12,Fee,2475.98,USD
TXN00001117,ACCT000015,2025-10-30,Fee,1605.81,USD
TXN00001118,ACCT000179,2025-10-26,Payment,4185.49,USD
TXN00001119,ACCT000220,2025-06-26,Fee,1905.96,USD
TXN00001120,ACCT000339,2025-05-06,Interest,1759.59,USD
TXN00001121,ACCT000304,2025-02-13,Payment,3242.17,USD
TXN00001122,ACCT000087,2025-01-11,Fee,576.78,GBP
TXN00001123,ACCT000337,2025-08-05,Fee,191.7,GBP
TXN00001124,ACCT000137,2025-01-11,Transfer,4507.54,CAD
TXN00001125,ACCT000163,2025-07-13,Transfer,116.07,GBP
TXN00001126,ACCT000051,2025-09-08,Interest,1615.49,USD
TXN00001127,ACCT000258,2025-12-08,Payment,1683.16,USD
TXN00001128,ACCT000187,2025-08-12,Payment,3076.07,USD
TXN00001129,ACCT000039,2025-10-02,Interest,3179.04,USD
TXN00001130,ACCT000153,2025-10-21,Fee,1329.45,CAD
TXN00001131,ACCT000048,2025-10-24,Payment,3124.74,USD
TXN00001132,ACCT000035,2025-10-18,Transfer,1687.51,GBP
TXN00001133,ACCT000178,2025-02-09,Interest,2138.39,USD
TXN00001134,ACCT000222,2025-12-06,Transfer,4021.61,GBP
TXN00001135,ACCT000206,2025-05-09,Fee,1004.38,GBP
TXN00001136,ACCT000391,2025-10-08,Transfer,2268.88,USD
TXN00001137,ACCT000265,2025-04-06,Purchase,3141.08,GBP
TXN00001138,ACCT000381,2025-08-28,Interest,1068.7,USD
TXN00001139,ACCT000394,2025-08-11,Transfer,4045.62,GBP
TXN00001140,ACCT000187,2025-08-25,Purchase,2613.74,USD
TXN00001141,ACCT000351,2025-06-03,Payment,756.61,CAD
TXN00001142,ACCT000033,2025-11-21,Interest,1596.67,USD
TXN00001143,ACCT000147,2025-11-27,Interest,1338.34,USD
TXN00001144,ACCT000121,2025-07-27,Fee,3435.84,USD
TXN00001145,ACCT000015,2025-05-06,Purchase,754.06,USD
TXN00001146,ACCT000224,2025-08-05,Interest,2429.48,USD
TXN00001147,ACCT000070,2025-01-15,Payment,801.0,USD
TXN00001148,ACCT000091,2025-11-26,Fee,3295.06,USD
TXN00001149,ACCT000029,2025-02-12,Interest,3912.26,USD
TXN00001150,ACCT000033,2025-07-28,Transfer,1493.41,USD
TXN00001151,ACCT000371,2025-03-13,Purchase,1987.49,USD
TXN00001152,ACCT000257,2025-03-03,Purchase,2857.01,GBP
TXN00001153,ACCT000269,2025-05-09,Transfer,4748.62,CAD
TXN00001154,ACCT000063,2025-06-10,Purchase,1194.19,USD
TXN00001155,ACCT000384,2025-05-01,Transfer,3687.5,CAD
TXN00001156,ACCT000090,2025-04-20,Payment,725.67,USD
TXN00001157,ACCT000302,2025-01-29,Interest,2044.84,CAD
TXN00001158,ACCT000058,2025-06-12,Transfer,1876.65,GBP
TXN00001159,ACCT000127,2025-05-23,Interest,2376.9,USD
TXN00001160,ACCT000189,2025-06-07,Fee,2378.73,USD
TXN00001161,ACCT000379,2025-12-06,Transfer,178.87,USD
TXN00001162,ACCT000197,2025-06-08,Payment,1268.65,USD
TXN00001163,ACCT000122,2025-08-15,Purchase,2676.88,CAD
TXN00001164,ACCT000202,2025-05-11,Purchase,4549.4,USD
TXN00001165,ACCT000388,2025-05-01,Purchase,4681.93,USD
TXN00001166,ACCT000083,2025-08-13,Payment,4297.79,USD
TXN00001167,ACCT000141,2025-02-11,Interest,3947.64,CAD
TXN00001168,ACCT000171,2025-08-05,Interest,3686.03,USD
TXN00001169,ACCT000260,2025-02-03,Payment,3493.92,USD
TXN00001170,ACCT000281,2025-06-17,Interest,3012.57,CAD
TXN00001171,ACCT000329,2025-11-25,Purchase,3811.07,USD
TXN00001172,ACCT000070,2025-01-02,Interest,3956.14,CAD
TXN00001173,ACCT000161,2025-10-22,Payment,3143.34,USD
TXN00001174,ACCT000265,2025-11-29,Purchase,793.32,USD
TXN00001175,ACCT000164,2025-08-20,Transfer,3430.34,CAD
TXN00001176,ACCT000352,2025-10-31,Payment,1307.1,USD
TXN00001177,ACCT000213,2025-07-08,Fee,997.33,USD
TXN00001178,ACCT000293,2025-04-25,Interest,4382.57,USD
TXN00001179,ACCT000332,2025-11-10,Purchase,4615.95,USD
TXN00001180,ACCT000102,2025-05-15,Purchase,4870.77,USD
TXN00001181,ACCT000220,2025-11-04,Purchase,2008.17,USD
TXN00001182,ACCT000189,2025-03-29,Payment,449.86,GBP
TXN00001183,ACCT000270,2025-08-11,Purchase,75.5,CAD
TXN00001184,ACCT000366,2025-04-15,Interest,596.97,USD
TXN00001185,ACCT000254,2025-07-15,Fee,1443.37,USD
TXN00001186,ACCT000308,2025-04-21,Interest,4282.41,USD
TXN00001187,ACCT000210,2025-03-16,Payment,2094.56,USD
TXN00001188,ACCT000121,2025-11-13,Fee,4880.76,CAD
TXN00001189,ACCT000351,2025-11-28,Payment,1851.34,CAD
TXN00001190,ACCT000069,2025-06-15,Purchase,56.55,CAD
TXN00001191,ACCT000363,2025-08-05,Payment,3568.11,GBP
TXN00001192,ACCT000286,2025-01-31,Fee,369.91,USD
TXN00001193,ACCT000242,2025-07-01,Fee,4655.67,GBP
TXN00001194,ACCT000024,2025-01-03,Transfer,3549.28,USD
TXN00001195,ACCT000155,2025-07-22,Transfer,3100.19,USD
TXN00001196,ACCT000287,2025-01-22,Payment,4840.45,GBP
TXN00001197,ACCT000258,2025-09-10,Payment,1305.16,USD
TXN00001198,ACCT000163,2025-12-30,Interest,663.94,GBP
TXN00001199,ACCT000060,2025-06-10,Interest,713.27,USD
TXN00001200,ACCT000144,2025-07-04,Payment,2498.56,CAD
TXN00001201,ACCT000135,2025-11-10,Fee,4514.45,USD
TXN00001202,ACCT000085,2025-06-11,Transfer,1568.49,CAD
TXN00001203,ACCT000337,2025-11-22,Payment,2780.6,CAD
TXN00001204,ACCT000028,2025-04-28,Purchase,948.66,USD
TXN00001205,ACCT000084,2025-12-28,Purchase,2353.89,CAD
TXN00001206,ACCT000254,2025-01-21,Interest,584.54,CAD
TXN00001207,ACCT000288,2025-09-06,Fee,4944.15,CAD
TXN00001208,ACCT000369,2025-03-17,Interest,566.89,USD
TXN00001209,ACCT000146,2025-04-03,Fee,472.42,USD
TXN00001210,ACCT000289,2025-12-06,Transfer,4113.75,GBP
TXN00001211,ACCT000003,2025-09-27,Payment,2919.82,GBP
TXN00001212,ACCT000040,2025-05-07,Payment,2085.01,CAD
TXN00001213,ACCT000014,2025-05-26,Purchase,4437.4,USD
TXN00001214,ACCT000055,2025-06-15,Interest,1870.92,USD
TXN00001215,ACCT000363,2025-12-04,Purchase,409.91,CAD
TXN00001216,ACCT000138,2025-11-01,Interest,3143.64,USD
TXN00001217,ACCT000336,2025-11-15,Fee,4849.0,CAD
TXN00001218,ACCT000376,2025-10-19,Fee,4737.35,USD
TXN00001219,ACCT000330,2025-05-25,Payment,4317.08,USD
TXN00001220,ACCT000281,2025-11-05,Purchase,3720.28,CAD
TXN00001221,ACCT000092,2025-05-03,Purchase,1997.3,CAD
TXN00001222,ACCT000107,2025-03-25,Purchase,107.46,CAD
TXN00001223,ACCT000386,2025-12-01,Interest,1428.25,USD
TXN00001224,ACCT000222,2025-06-08,Purchase,1496.24,GBP
TXN00001225,ACCT000050,2025-07-08,Payment,1798.43,GBP
TXN00001226,ACCT000199,2025-09-01,Payment,2450.67,USD
TXN00001227,ACCT000047,2025-08-05,Transfer,3003.7,USD
TXN00001228,ACCT000323,2025-08-07,Transfer,935.85,USD
TXN00001229,ACCT000238,2025-12-13,Purchase,2569.14,USD
TXN00001230,ACCT000270,2025-11-19,Payment,4653.68,GBP
TXN00001231,ACCT000224,2025-02-10,Purchase,1457.06,CAD
TXN00001232,ACCT000066,2025-12-17,Fee,747.29,USD
TXN00001233,ACCT000152,2025-10-19,Payment,2617.84,USD
TXN00001234,ACCT000024,2025-09-20,Transfer,387.28,USD
TXN00001235,ACCT000049,2025-08-26,Transfer,2127.44,GBP
TXN00001236,ACCT000300,2025-02-11,Fee,1780.51,GBP
TXN00001237,ACCT000339,2025-08-25,Purchase,574.11,USD
TXN00001238,ACCT000024,2025-02-12,Payment,4215.33,CAD
TXN00001239,ACCT000371,2025-08-21,Fee,1573.16,CAD
TXN00001240,ACCT000175,2025-04-06,Transfer,4040.13,USD
TXN00001241,ACCT000310,2025-05-13,Payment,395.71,USD
TXN00001242,ACCT000003,2025-07-22,Interest,2674.21,USD
TXN00001243,ACCT000245,2025-08-24,Purchase,862.82,CAD
TXN00001244,ACCT000156,2025-11-13,Transfer,3630.93,GBP
TXN00001245,ACCT000354,2025-12-12,Fee,3454.86,CAD
TXN00001246,ACCT000070,2025-01-08,Fee,442.74,USD
TXN00001247,ACCT000357,2025-04-07,Purchase,4080.76,USD
TXN00001248,ACCT000075,2025-11-29,Payment,2408.18,USD
TXN00001249,ACCT000276,2025-04-08,Interest,4211.24,USD
TXN00001250,ACCT000076,2025-08-31,Fee,3849.76,CAD
TXN00001251,ACCT000079,2025-12-26,Purchase,586.71,CAD
TXN00001252,ACCT000231,2025-10-27,Interest,2360.09,USD
TXN00001253,ACCT000201,2025-01-27,Payment,1477.68,USD
TXN00001254,ACCT000366,2025-08-10,Purchase,517.8,CAD
TXN00001255,ACCT000306,2025-10-11,Interest,3686.71,USD
TXN00001256,ACCT000249,2025-09-20,Purchase,2440.05,GBP
TXN00001257,ACCT000250,2025-04-29,Transfer,4676.73,USD
TXN00001258,ACCT000296,2025-06-11,Transfer,100.0,GBP
TXN00001259,ACCT000332,2025-08-02,Purchase,1342.91,CAD
TXN00001260,ACCT000331,2025-06-27,Purchase,2476.47,CAD
TXN00001261,ACCT000148,2025-04-09,Interest,108.93,CAD
TXN00001262,ACCT000260,2025-04-23,Fee,2193.36,GBP
TXN00001263,ACCT000367,2025-12-03,Fee,4609.07,CAD
TXN00001264,ACCT000371,2025-12-31,Payment,4416.45,CAD
TXN00001265,ACCT000345,2025-12-01,Interest,4166.24,USD
TXN00001266,ACCT000083,2025-11-15,Interest,3999.78,USD
TXN00001267,ACCT000045,2025-12-08,Fee,3455.03,CAD
TXN00001268,ACCT000081,2025-11-07,Payment,870.59,CAD
TXN00001269,ACCT000253,2025-06-05,Purchase,3968.44,USD
TXN00001270,ACCT000010,2025-07-03,Payment,2786.37,USD
TXN00001271,ACCT000090,2025-09-15,Fee,3386.25,USD
TXN00001272,ACCT000059,2025-11-13,Purchase,1691.99,USD
TXN00001273,ACCT000250,2025-05-13,Purchase,2812.1,USD
TXN00001274,ACCT000395,2025-10-13,Fee,3848.02,USD
TXN00001275,ACCT000264,2025-11-06,Payment,4267.77,USD
TXN00001276,ACCT000225,2025-08-23,Purchase,4633.53,USD
TXN00001277,ACCT000313,2025-02-22,Purchase,3909.35,GBP
TXN00001278,ACCT000086,2025-11-19,Purchase,2538.99,USD
TXN00001279,ACCT000081,2025-05-30,Payment,4555.37,CAD
TXN00001280,ACCT000051,2025-03-20,Transfer,2494.46,USD
TXN00001281,ACCT000063,2025-04-14,Fee,4096.71,CAD
TXN00001282,ACCT000004,2025-05-06,Interest,3847.25,CAD
TXN00001283,ACCT000088,2025-02-13,Fee,1437.36,USD
TXN00001284,ACCT000213,2025-07-04,Fee,3577.42,USD
TXN00001285,ACCT000272,2025-08-04,Payment,3767.27,USD
TXN00001286,ACCT000212,2025-07-29,Payment,4009.83,CAD
TXN00001287,ACCT000186,2025-01-16,Transfer,3974.06,CAD
TXN00001288,ACCT000368,2025-09-22,Payment,3851.91,USD
TXN00001289,ACCT000206,2025-03-26,Purchase,1694.83,CAD
TXN00001290,ACCT000019,2025-12-05,Purchase,1969.37,USD
TXN00001291,ACCT000324,2025-12-05,Transfer,293.76,GBP
TXN00001292,ACCT000349,2025-12-25,Fee,2099.43,GBP
TXN00001293,ACCT000161,2025-06-26,Fee,3609.15,USD
TXN00001294,ACCT000313,2025-03-17,Fee,4501.54,CAD
TXN00001295,ACCT000279,2025-11-16,Interest,3221.18,GBP
TXN00001296,ACCT000333,2025-07-27,Interest,3488.87,USD
TXN00001297,ACCT000276,2025-06-21,Fee,425.98,CAD
TXN00001298,ACCT000277,2025-05-26,Payment,2604.75,USD
TXN00001299,ACCT000160,2025-09-24,Purchase,2560.8,USD
TXN00001300,ACCT000277,2025-10-31,Payment,121.99,USD
TXN00001301,ACCT000156,2025-08-05,Payment,4161.98,GBP
TXN00001302,ACCT000191,2025-05-13,Purchase,3661.27,GBP
TXN00001303,ACCT000388,2025-11-30,Fee,623.45,USD
TXN00001304,ACCT000378,2025-01-03,Interest,1493.32,CAD
TXN00001305,ACCT000382,2025-10-25,Fee,4914.84,GBP
TXN00001306,ACCT000120,2025-06-29,Transfer,4223.26,USD
TXN00001307,ACCT000367,2025-10-21,Fee,3336.28,USD
TXN00001308,ACCT000127,2025-02-23,Interest,2600.73,USD
TXN00001309,ACCT000399,2025-07-04,Transfer,2913.93,CAD
TXN00001310,ACCT000218,2025-07-30,Purchase,737.03,USD
TXN00001311,ACCT000067,2025-09-01,Purchase,315.66,USD
TXN00001312,ACCT000347,2025-09-27,Interest,394.97,CAD
TXN00001313,ACCT000399,2025-07-22,Transfer,2797.05,USD
TXN00001314,ACCT000217,2025-08-14,Transfer,2496.64,CAD
TXN00001315,ACCT000074,2025-09-16,Interest,4119.94,USD
TXN00001316,ACCT000067,2025-12-27,Interest,3557.2,GBP
TXN00001317,ACCT000109,2025-08-22,Transfer,594.7,CAD
TXN00001318,ACCT000287,2025-07-09,Purchase,3733.75,USD
TXN00001319,ACCT000057,2025-03-03,Transfer,4262.33,USD
TXN00001320,ACCT000268,2025-03-20,Transfer,1451.5,USD
TXN00001321,ACCT000192,2025-06-05,Fee,1528.1,USD
TXN00001322,ACCT000074,2025-03-14,Interest,144.75,GBP
TXN00001323,ACCT000157,2025-05-26,Interest,248.01,USD
TXN00001324,ACCT000251,2025-01-02,Payment,4096.53,USD
TXN00001325,ACCT000023,2025-08-02,Transfer,1746.5,CAD
TXN00001326,ACCT000232,2025-06-22,Transfer,1551.96,CAD
TXN00001327,ACCT000311,2025-03-09,Interest,4173.13,USD
TXN00001328,ACCT000390,2025-08-19,Transfer,3184.12,CAD
TXN00001329,ACCT000167,2025-02-15,Payment,4332.4,GBP
TXN00001330,ACCT000120,2025-07-22,Transfer,2051.09,USD
TXN00001331,ACCT000344,2025-08-15,Transfer,233.87,USD
TXN00001332,ACCT000363,2025-01-13,Purchase,4330.44,GBP
TXN00001333,ACCT000064,2025-11-26,Fee,2807.42,GBP
TXN00001334,ACCT000317,2025-10-05,Purchase,966.17,GBP
TXN00001335,ACCT000268,2025-04-07,Purchase,4786.68,CAD
TXN00001336,ACCT000062,2025-12-04,Transfer,4484.84,GBP
TXN00001337,ACCT000141,2025-04-16,Payment,4812.07,USD
TXN00001338,ACCT000274,2025-11-07,Transfer,2223.93,USD
TXN00001339,ACCT000252,2025-01-12,Interest,2946.52,USD
TXN00001340,ACCT000013,2025-09-28,Interest,906.64,USD
TXN00001341,ACCT000059,2025-02-20,Interest,1289.6,GBP
TXN00001342,ACCT000094,2025-05-11,Payment,1430.33,USD
TXN00001343,ACCT000209,2025-12-14,Payment,1537.44,USD
TXN00001344,ACCT000167,2025-04-03,Purchase,3074.3,USD
TXN00001345,ACCT000051,2025-06-13,Purchase,1493.63,USD
TXN00001346,ACCT000133,2025-07-12,Interest,4465.59,USD
TXN00001347,ACCT000386,2025-11-02,Purchase,1016.78,GBP
TXN00001348,ACCT000386,2025-09-16,Payment,2467.43,CAD
TXN00001349,ACCT000163,2025-08-26,Purchase,1350.09,GBP
TXN00001350,ACCT000015,2025-07-28,Interest,331.96,USD
TXN00001351,ACCT000301,2025-12-12,Purchase,1349.45,USD
TXN00001352,ACCT000334,2025-03-06,Payment,3816.08,USD
TXN00001353,ACCT000043,2025-11-22,Transfer,2036.7,GBP
TXN00001354,ACCT000073,2025-07-11,Payment,3915.49,GBP
TXN00001355,ACCT000276,2025-08-05,Payment,3911.21,GBP
TXN00001356,ACCT000238,2025-11-14,Interest,213.75,USD
TXN00001357,ACCT000247,2025-05-20,Payment,7.71,GBP
TXN00001358,ACCT000195,2025-06-29,Fee,4198.24,USD
TXN00001359,ACCT000145,2025-01-24,Transfer,4204.22,USD
TXN00001360,ACCT000154,2025-02-15,Transfer,2817.59,CAD
TXN00001361,ACCT000372,2025-10-12,Purchase,4153.34,USD
TXN00001362,ACCT000259,2025-06-12,Interest,1058.2,USD
TXN00001363,ACCT000363,2025-08-20,Fee,4898.3,USD
TXN00001364,ACCT000165,2025-06-24,Payment,3313.07,USD
TXN00001365,ACCT000169,2025-01-09,Interest,4795.17,USD
TXN00001366,ACCT000003,2025-01-05,Purchase,3045.89,USD
TXN00001367,ACCT000357,2025-12-27,Interest,2781.17,CAD
TXN00001368,ACCT000333,2025-11-30,Interest,2692.97,USD
TXN00001369,ACCT000344,2025-08-16,Transfer,159.58,USD
TXN00001370,ACCT000193,2025-11-04,Fee,4860.33,USD
TXN00001371,ACCT000394,2025-12-23,Interest,890.05,USD
TXN00001372,ACCT000099,2025-08-16,Purchase,2316.15,USD
TXN00001373,ACCT000389,2025-05-24,Payment,3717.01,USD
TXN00001374,ACCT000315,2025-11-17,Payment,454.38,USD
TXN00001375,ACCT000253,2025-07-05,Payment,1175.12,USD
TXN00001376,ACCT000361,2025-12-28,Fee,2466.73,GBP
TXN00001377,ACCT000327,2025-07-22,Payment,40.64,USD
TXN00001378,ACCT000253,2025-03-29,Fee,2847.67,GBP
TXN00001379,ACCT000290,2025-12-11,Payment,3300.89,GBP
TXN00001380,ACCT000302,2025-03-07,Transfer,881.77,USD
TXN00001381,ACCT000292,2025-04-27,Payment,1301.82,GBP
TXN00001382,ACCT000348,2025-01-12,Fee,963.3,GBP
TXN00001383,ACCT000287,2025-08-21,Transfer,1268.34,USD
TXN00001384,ACCT000333,2025-01-27,Interest,3206.63,USD
TXN00001385,ACCT000209,2025-05-21,Interest,4222.49,USD
TXN00001386,ACCT000186,2025-09-22,Transfer,2335.6,USD
TXN00001387,ACCT000216,2025-09-30,Payment,239.59,CAD
TXN00001388,ACCT000100,2025-06-21,Fee,30.77,USD
TXN00001389,ACCT000378,2025-04-26,Transfer,4039.33,CAD
TXN00001390,ACCT000101,2025-03-26,Purchase,4585.39,USD
TXN00001391,ACCT000321,2025-02-19,Fee,318.91,USD
TXN00001392,ACCT000013,2025-10-31,Interest,2162.58,USD
TXN00001393,ACCT000243,2025-05-03,Fee,1239.53,USD
TXN00001394,ACCT000267,2025-05-02,Purchase,4109.06,USD
TXN00001395,ACCT000392,2025-02-18,Transfer,3099.73,CAD
TXN00001396,ACCT000032,2025-01-18,Transfer,628.51,CAD
TXN00001397,ACCT000356,2025-02-03,Fee,4450.97,USD
TXN00001398,ACCT000227,2025-01-29,Purchase,4595.98,USD
TXN00001399,ACCT000034,2025-02-22,Transfer,3132.8,USD
TXN00001400,ACCT000196,2025-07-25,Transfer,265.75,USD
TXN00001401,ACCT000120,2025-11-03,Transfer,3761.06,GBP
TXN00001402,ACCT000238,2025-08-08,Purchase,2269.79,GBP
TXN00001403,ACCT000334,2025-12-12,Transfer,510.88,USD
TXN00001404,ACCT000301,2025-04-09,Interest,2588.48,USD
TXN00001405,ACCT000366,2025-02-04,Purchase,66.38,GBP
TXN00001406,ACCT000065,2025-11-23,Payment,4522.33,GBP
TXN00001407,ACCT000247,2025-11-14,Fee,1780.18,CAD
TXN00001408,ACCT000023,2025-01-31,Payment,1219.55,USD
TXN00001409,ACCT000263,2025-11-30,Fee,2924.69,USD
TXN00001410,ACCT000278,2025-03-16,Fee,2920.41,USD
TXN00001411,ACCT000176,2025-05-30,Interest,1546.83,USD
TXN00001412,ACCT000337,2025-12-14,Purchase,2590.81,USD
TXN00001413,ACCT000287,2025-01-28,Purchase,1190.75,CAD
TXN00001414,ACCT000103,2025-11-24,Fee,981.06,USD
TXN00001415,ACCT000342,2025-09-01,Purchase,1711.05,CAD
TXN00001416,ACCT000297,2025-10-17,Transfer,3463.61,USD
TXN00001417,ACCT000169,2025-03-25,Transfer,1501.66,USD
TXN00001418,ACCT000022,2025-09-11,Interest,4381.15,USD
TXN00001419,ACCT000355,2025-04-28,Purchase,3195.64,CAD
TXN00001420,ACCT000247,2025-06-19,Transfer,1069.63,CAD
TXN00001421,ACCT000004,2025-07-05,Payment,2004.56,USD
TXN00001422,ACCT000285,2025-02-28,Purchase,1792.64,USD
TXN00001423,ACCT000324,2025-10-27,Fee,2204.84,USD
TXN00001424,ACCT000102,2025-04-12,Purchase,4876.67,USD
TXN00001425,ACCT000135,2025-03-31,Payment,1098.63,USD
TXN00001426,ACCT000101,2025-01-12,Transfer,1233.59,USD
TXN00001427,ACCT000011,2025-12-13,Fee,4553.69,USD
TXN00001428,ACCT000057,2025-06-23,Interest,3276.07,USD
TXN00001429,ACCT000190,2025-07-10,Fee,2283.74,USD
TXN00001430,ACCT000320,2025-08-11,Transfer,4885.62,USD
TXN00001431,ACCT000067,2025-04-08,Purchase,726.44,USD
TXN00001432,ACCT000192,2025-06-12,Transfer,1894.09,GBP
TXN00001433,ACCT000126,2025-01-24,Interest,4885.02,GBP
TXN00001434,ACCT000275,2025-05-31,Transfer,949.57,USD
TXN00001435,ACCT000323,2025-05-24,Fee,1239.62,USD
TXN00001436,ACCT000251,2025-04-18,Transfer,4842.08,USD
TXN00001437,ACCT000315,2025-02-03,Interest,3956.03,USD
TXN00001438,ACCT000331,2025-09-18,Transfer,1943.64,USD
TXN00001439,ACCT000092,2025-06-14,Interest,2596.87,USD
TXN00001440,ACCT000367,2025-09-11,Transfer,3474.08,CAD
TXN00001441,ACCT000327,2025-10-26,Fee,2908.03,USD
TXN00001442,ACCT000104,2025-08-20,Payment,1101.53,USD
TXN00001443,ACCT000218,2025-07-13,Interest,1096.88,GBP
TXN00001444,ACCT000192,2025-05-11,Payment,4677.82,GBP
TXN00001445,ACCT000044,2025-06-01,Purchase,675.98,CAD
TXN00001446,ACCT000299,2025-01-22,Transfer,1761.12,CAD
TXN00001447,ACCT000219,2025-08-19,Transfer,3107.52,CAD
TXN00001448,ACCT000255,2025-06-12,Interest,2047.72,USD
TXN00001449,ACCT000227,2025-04-30,Interest,128.47,USD
TXN00001450,ACCT000043,2025-05-31,Purchase,1798.67,GBP
TXN00001451,ACCT000041,2025-05-22,Transfer,2735.53,USD
TXN00001452,ACCT000185,2025-01-20,Purchase,597.35,GBP
TXN00001453,ACCT000346,2025-06-18,Payment,1672.12,USD
TXN00001454,ACCT000394,2025-12-16,Fee,3727.33,USD
TXN00001455,ACCT000071,2025-10-06,Payment,3529.68,USD
TXN00001456,ACCT000145,2025-06-27,Purchase,3851.53,CAD
TXN00001457,ACCT000388,2025-12-02,Interest,4110.2,USD
TXN00001458,ACCT000390,2025-03-18,Interest,3272.18,CAD
TXN00001459,ACCT000384,2025-04-18,Payment,1138.5,CAD
TXN00001460,ACCT000283,2025-08-28,Payment,2581.55,CAD
TXN00001461,ACCT000161,2025-04-07,Fee,3960.61,CAD
TXN00001462,ACCT000231,2025-10-13,Interest,1051.88,USD
TXN00001463,ACCT000066,2025-06-06,Fee,699.06,USD
TXN00001464,ACCT000182,2025-06-23,Interest,4052.95,USD
TXN00001465,ACCT000386,2025-07-26,Interest,2131.47,GBP
TXN00001466,ACCT000012,2025-10-18,Fee,1633.77,USD
TXN00001467,ACCT000170,2025-10-18,Payment,772.69,GBP
TXN00001468,ACCT000201,2025-07-15,Transfer,2871.52,USD
TXN00001469,ACCT000198,2025-04-07,Interest,323.23,CAD
TXN00001470,ACCT000232,2025-11-24,Purchase,1647.56,USD
TXN00001471,ACCT000346,2025-10-11,Purchase,861.26,USD
TXN00001472,ACCT000309,2025-09-08,Purchase,4133.24,USD
TXN00001473,ACCT000198,2025-05-26,Payment,999.0,USD
TXN00001474,ACCT000269,2025-02-05,Payment,1459.07,CAD
TXN00001475,ACCT000006,2025-03-29,Purchase,1846.42,USD
TXN00001476,ACCT000057,2025-03-08,Interest,1958.57,GBP
TXN00001477,ACCT000036,2025-07-19,Interest,2393.86,USD
TXN00001478,ACCT000159,2025-08-10,Payment,4352.89,CAD
TXN00001479,ACCT000159,2025-10-28,Payment,3020.53,USD
TXN00001480,ACCT000235,2025-05-22,Transfer,3585.28,USD
TXN00001481,ACCT000229,2025-02-02,Purchase,4955.47,CAD
TXN00001482,ACCT000270,2025-06-18,Transfer,4038.79,GBP
TXN00001483,ACCT000295,2025-01-21,Interest,2303.72,USD
TXN00001484,ACCT000234,2025-06-27,Fee,3233.26,USD
TXN00001485,ACCT000090,2025-08-01,Interest,3067.07,USD
TXN00001486,ACCT000376,2025-08-10,Payment,4500.32,CAD
TXN00001487,ACCT000094,2025-12-24,Interest,4554.61,GBP
TXN00001488,ACCT000023,2025-05-03,Purchase,1970.79,USD
TXN00001489,ACCT000276,2025-05-30,Fee,4413.37,USD
TXN00001490,ACCT000211,2025-10-11,Payment,4544.14,USD
TXN00001491,ACCT000054,2025-09-16,Fee,387.29,USD
TXN00001492,ACCT000130,2025-04-17,Interest,2257.43,GBP
TXN00001493,ACCT000038,2025-11-24,Purchase,2313.53,CAD
TXN00001494,ACCT000205,2025-04-10,Interest,1721.57,CAD
TXN00001495,ACCT000059,2025-12-30,Purchase,58.63,USD
TXN00001496,ACCT000238,2025-09-06,Fee,3353.13,CAD
TXN00001497,ACCT000337,2025-05-05,Purchase,417.33,CAD
TXN00001498,ACCT000143,2025-03-24,Payment,2356.58,USD
TXN00001499,ACCT000091,2025-05-31,Purchase,3036.91,USD
TXN00001500,ACCT000087,2025-02-09,Transfer,3708.53,USD
TXN00001501,ACCT000184,2025-04-02,Fee,771.71,USD
TXN00001502,ACCT000273,2025-04-21,Purchase,4463.98,CAD
TXN00001503,ACCT000268,2025-11-25,Purchase,4183.32,USD
TXN00001504,ACCT000228,2025-01-27,Interest,3453.28,GBP
TXN00001505,ACCT000194,2025-04-14,Purchase,248.08,USD
TXN00001506,ACCT000103,2025-02-16,Fee,4544.24,USD
TXN00001507,ACCT000008,2025-06-22,Interest,144.58,USD
TXN00001508,ACCT000050,2025-12-07,Purchase,1106.74,USD
TXN00001509,ACCT000263,2025-02-25,Payment,224.84,USD
TXN00001510,ACCT000098,2025-11-16,Fee,2812.46,USD
TXN00001511,ACCT000220,2025-03-03,Transfer,1978.34,USD
TXN00001512,ACCT000166,2025-03-30,Payment,533.9,USD
TXN00001513,ACCT000007,2025-07-19,Interest,3271.69,USD
TXN00001514,ACCT000337,2025-05-23,Interest,1104.38,GBP
TXN00001515,ACCT000112,2025-07-30,Fee,224.48,USD
TXN00001516,ACCT000053,2025-12-31,Transfer,2500.38,GBP
TXN00001517,ACCT000049,2025-11-04,Transfer,861.44,USD
TXN00001518,ACCT000395,2025-12-22,Interest,3391.11,USD
TXN00001519,ACCT000390,2025-12-19,Fee,880.78,USD
TXN00001520,ACCT000010,2025-11-08,Interest,342.23,GBP
TXN00001521,ACCT000328,2025-04-30,Interest,1914.95,GBP
TXN00001522,ACCT000007,2025-04-30,Transfer,3524.62,USD
TXN00001523,ACCT000064,2025-06-08,Transfer,3795.91,USD
TXN00001524,ACCT000318,2025-02-10,Interest,3787.44,USD
TXN00001525,ACCT000152,2025-04-14,Payment,1875.75,USD
TXN00001526,ACCT000020,2025-05-02,Interest,1025.9,GBP
TXN00001527,ACCT000169,2025-03-10,Interest,3697.58,USD
TXN00001528,ACCT000390,2025-01-21,Fee,3219.79,GBP
TXN00001529,ACCT000148,2025-01-13,Interest,3241.99,USD
TXN00001530,ACCT000106,2025-10-04,Fee,1716.93,USD
TXN00001531,ACCT000357,2025-04-24,Payment,4008.25,GBP
TXN00001532,ACCT000094,2025-08-15,Interest,2609.75,USD
TXN00001533,ACCT000036,2025-04-09,Purchase,4349.98,USD
TXN00001534,ACCT000065,2025-02-16,Payment,4691.68,USD
TXN00001535,ACCT000105,2025-05-01,Transfer,2746.49,GBP
TXN00001536,ACCT000240,2025-06-09,Purchase,2134.07,USD
TXN00001537,ACCT000091,2025-11-07,Payment,1228.4,USD
TXN00001538,ACCT000230,2025-11-22,Fee,1430.34,USD
TXN00001539,ACCT000247,2025-02-10,Fee,4312.82,USD
TXN00001540,ACCT000242,2025-08-14,Interest,1891.7,CAD
TXN00001541,ACCT000222,2025-03-21,Transfer,3048.92,CAD
TXN00001542,ACCT000219,2025-02-12,Purchase,3810.84,USD
TXN00001543,ACCT000284,2025-03-31,Transfer,2688.3,USD
TXN00001544,ACCT000233,2025-05-26,Interest,2320.94,CAD
TXN00001545,ACCT000037,2025-06-20,Transfer,3032.1,USD
TXN00001546,ACCT000098,2025-01-03,Interest,982.6,USD
TXN00001547,ACCT000192,2025-09-09,Transfer,3653.19,CAD
TXN00001548,ACCT000381,2025-07-11,Interest,4701.72,CAD
TXN00001549,ACCT000302,2025-02-06,Interest,1542.52,CAD
TXN00001550,ACCT000064,2025-07-17,Purchase,4962.4,GBP
TXN00001551,ACCT000224,2025-05-11,Payment,975.17,USD
TXN00001552,ACCT000326,2025-12-19,Transfer,3547.1,USD
TXN00001553,ACCT000218,2025-05-07,Purchase,3256.28,USD
TXN00001554,ACCT000186,2025-11-20,Interest,177.37,USD
TXN00001555,ACCT000234,2025-12-15,Payment,1310.35,USD
TXN00001556,ACCT000297,2025-12-06,Fee,1240.84,USD
TXN00001557,ACCT000048,2025-11-26,Purchase,588.07,CAD
TXN00001558,ACCT000042,2025-09-23,Interest,3531.82,USD
TXN00001559,ACCT000219,2025-05-10,Interest,833.29,USD
TXN00001560,ACCT000338,2025-07-15,Transfer,4838.58,GBP
TXN00001561,ACCT000386,2025-02-15,Fee,3671.0,USD
TXN00001562,ACCT000177,2025-03-15,Transfer,3884.57,USD
TXN00001563,ACCT000204,2025-12-24,Payment,4650.43,USD
TXN00001564,ACCT000252,2025-01-01,Purchase,4935.19,USD
TXN00001565,ACCT000214,2025-09-26,Purchase,3869.85,CAD
TXN00001566,ACCT000088,2025-04-01,Fee,3666.55,USD
TXN00001567,ACCT000102,2025-09-07,Payment,3521.72,USD
TXN00001568,ACCT000231,2025-10-18,Transfer,4742.67,USD
TXN00001569,ACCT000384,2025-04-04,Payment,1008.7,USD
TXN00001570,ACCT000210,2025-08-14,Fee,4914.82,GBP
TXN00001571,ACCT000086,2025-02-10,Purchase,4342.47,USD
TXN00001572,ACCT000142,2025-02-02,Purchase,1891.75,USD
TXN00001573,ACCT000245,2025-09-06,Purchase,2930.3,USD
TXN00001574,ACCT000385,2025-01-04,Purchase,309.98,GBP
TXN00001575,ACCT000268,2025-01-04,Purchase,488.73,CAD
TXN00001576,ACCT000390,2025-05-17,Transfer,2602.77,CAD
TXN00001577,ACCT000310,2025-08-08,Interest,3785.77,USD
TXN00001578,ACCT000176,2025-06-11,Fee,3410.89,USD
TXN00001579,ACCT000194,2025-11-09,Fee,3327.07,USD
TXN00001580,ACCT000052,2025-01-02,Fee,4366.02,CAD
TXN00001581,ACCT000072,2025-01-14,Interest,3627.47,GBP
TXN00001582,ACCT000144,2025-12-25,Purchase,4345.68,USD
TXN00001583,ACCT000352,2025-12-04,Fee,2262.33,CAD
TXN00001584,ACCT000097,2025-01-02,Transfer,2068.57,USD
TXN00001585,ACCT000024,2025-06-16,Purchase,3170.72,CAD
TXN00001586,ACCT000205,2025-11-10,Payment,3035.78,USD
TXN00001587,ACCT000244,2025-12-04,Fee,2142.44,USD
TXN00001588,ACCT000100,2025-12-31,Interest,1472.85,USD
TXN00001589,ACCT000367,2025-09-16,Transfer,4381.79,USD
TXN00001590,ACCT000045,2025-06-04,Payment,2492.14,GBP
TXN00001591,ACCT000229,2025-03-01,Interest,844.42,CAD
TXN00001592,ACCT000109,2025-03-29,Transfer,1208.3,USD
TXN00001593,ACCT000367,2025-01-15,Purchase,2177.29,USD
TXN00001594,ACCT000393,2025-05-24,Fee,4513.73,USD
TXN00001595,ACCT000344,2025-03-05,Fee,3331.33,USD
TXN00001596,ACCT000252,2025-02-16,Transfer,3169.57,USD
TXN00001597,ACCT000393,2025-11-04,Payment,4659.24,USD
TXN00001598,ACCT000368,2025-07-15,Fee,1888.17,GBP
TXN00001599,ACCT000115,2025-05-13,Interest,4043.2,USD
TXN00001600,ACCT000046,2025-06-24,Fee,442.96,GBP
TXN00001601,ACCT000060,2025-10-21,Payment,3724.37,USD
TXN00001602,ACCT000195,2025-10-23,Payment,4267.38,USD
TXN00001603,ACCT000275,2025-04-08,Fee,314.12,CAD
TXN00001604,ACCT000187,2025-12-14,Interest,1601.62,USD
TXN00001605,ACCT000303,2025-04-24,Transfer,3320.4,USD
TXN00001606,ACCT000236,2025-06-11,Interest,50.9,USD
TXN00001607,ACCT000256,2025-12-15,Fee,4186.9,CAD
TXN00001608,ACCT000075,2025-12-07,Payment,3009.32,USD
TXN00001609,ACCT000258,2025-12-19,Transfer,1604.1,USD
TXN00001610,ACCT000362,2025-10-21,Fee,4984.26,CAD
TXN00001611,ACCT000361,2025-07-12,Payment,2477.65,USD
TXN00001612,ACCT000367,2025-04-18,Fee,767.75,USD
TXN00001613,ACCT000398,2025-04-02,Purchase,4616.17,CAD
TXN00001614,ACCT000338,2025-03-23,Interest,1499.01,USD
TXN00001615,ACCT000217,2025-12-14,Transfer,1964.47,CAD
TXN00001616,ACCT000201,2025-02-06,Fee,3789.78,GBP
TXN00001617,ACCT000100,2025-12-25,Fee,1415.41,GBP
TXN00001618,ACCT000166,2025-10-25,Interest,491.11,USD
TXN00001619,ACCT000084,2025-10-23,Fee,2290.37,USD
TXN00001620,ACCT000150,2025-03-16,Interest,3481.3,USD
TXN00001621,ACCT000101,2025-11-30,Payment,4022.77,USD
TXN00001622,ACCT000295,2025-02-22,Fee,3631.16,USD
TXN00001623,ACCT000219,2025-12-14,Interest,4752.24,USD
TXN00001624,ACCT000243,2025-04-02,Purchase,484.76,USD
TXN00001625,ACCT000333,2025-06-23,Purchase,4901.48,GBP
TXN00001626,ACCT000322,2025-07-26,Interest,4848.79,USD
TXN00001627,ACCT000204,2025-09-08,Purchase,598.42,USD
TXN00001628,ACCT000335,2025-07-12,Transfer,4773.0,USD
TXN00001629,ACCT000333,2025-07-15,Interest,4325.15,USD
TXN00001630,ACCT000062,2025-03-01,Interest,1839.78,USD
TXN00001631,ACCT000343,2025-09-18,Purchase,2448.65,USD
TXN00001632,ACCT000294,2025-09-03,Purchase,2936.32,USD
TXN00001633,ACCT000093,2025-07-16,Purchase,3972.75,CAD
TXN00001634,ACCT000065,2025-02-20,Interest,1495.32,USD
TXN00001635,ACCT000276,2025-04-05,Purchase,3570.27,CAD
TXN00001636,ACCT000275,2025-09-29,Purchase,1972.01,CAD
TXN00001637,ACCT000300,2025-10-03,Purchase,2596.91,USD
TXN00001638,ACCT000061,2025-04-03,Payment,4828.58,GBP
TXN00001639,ACCT000229,2025-06-10,Payment,31.59,USD
TXN00001640,ACCT000106,2025-12-01,Purchase,648.44,USD
TXN00001641,ACCT000386,2025-01-18,Purchase,2814.67,USD
TXN00001642,ACCT000187,2025-10-06,Purchase,2533.21,USD
TXN00001643,ACCT000337,2025-01-01,Interest,4885.63,USD
TXN00001644,ACCT000266,2025-05-31,Fee,235.6,GBP
TXN00001645,ACCT000252,2025-12-22,Interest,703.58,USD
TXN00001646,ACCT000181,2025-11-07,Transfer,4554.36,GBP
TXN00001647,ACCT000051,2025-12-06,Transfer,1053.15,USD
TXN00001648,ACCT000073,2025-06-03,Payment,188.49,USD
TXN00001649,ACCT000111,2025-10-30,Payment,3012.71,USD
TXN00001650,ACCT000319,2025-08-05,Fee,646.82,USD
TXN00001651,ACCT000196,2025-11-29,Transfer,1278.56,USD
TXN00001652,ACCT000131,2025-12-13,Interest,2283.06,CAD
TXN00001653,ACCT000037,2025-11-19,Payment,2681.84,USD
TXN00001654,ACCT000289,2025-12-03,Payment,3573.65,GBP
TXN00001655,ACCT000079,2025-06-11,Transfer,824.4,CAD
TXN00001656,ACCT000310,2025-05-07,Interest,134.42,USD
TXN00001657,ACCT000057,2025-12-17,Fee,627.48,GBP
TXN00001658,ACCT000328,2025-02-15,Interest,334.47,USD
TXN00001659,ACCT000075,2025-04-26,Fee,3891.46,USD
TXN00001660,ACCT000114,2025-07-13,Purchase,494.24,USD
TXN00001661,ACCT000373,2025-06-06,Purchase,882.78,GBP
TXN00001662,ACCT000179,2025-12-25,Interest,482.23,GBP
TXN00001663,ACCT000312,2025-02-20,Fee,2759.95,USD
TXN00001664,ACCT000385,2025-07-19,Payment,1593.39,USD
TXN00001665,ACCT000348,2025-09-30,Fee,4031.39,GBP
TXN00001666,ACCT000207,2025-09-02,Transfer,4410.7,GBP
TXN00001667,ACCT000352,2025-09-20,Payment,1299.01,USD
TXN00001668,ACCT000291,2025-05-17,Payment,717.64,USD
TXN00001669,ACCT000128,2025-12-14,Fee,3538.97,GBP
TXN00001670,ACCT000094,2025-08-13,Interest,3535.4,USD
TXN00001671,ACCT000142,2025-08-08,Interest,2513.64,GBP
TXN00001672,ACCT000045,2025-06-06,Payment,1529.41,CAD
TXN00001673,ACCT000325,2025-02-10,Fee,4227.0,USD
TXN00001674,ACCT000085,2025-10-22,Payment,4724.61,USD
TXN00001675,ACCT000284,2025-09-10,Purchase,3718.33,USD
TXN00001676,ACCT000375,2025-03-11,Interest,3386.78,CAD
TXN00001677,ACCT000347,2025-09-30,Interest,2577.48,USD
TXN00001678,ACCT000098,2025-01-04,Interest,74.43,CAD
TXN00001679,ACCT000126,2025-12-05,Transfer,3749.59,GBP
TXN00001680,ACCT000230,2025-03-28,Transfer,216.57,GBP
TXN00001681,ACCT000188,2025-03-10,Payment,878.2,GBP
TXN00001682,ACCT000217,2025-09-11,Fee,4762.66,CAD
TXN00001683,ACCT000058,2025-06-23,Payment,1869.55,USD
TXN00001684,ACCT000061,2025-05-29,Transfer,4254.63,USD
TXN00001685,ACCT000110,2025-01-02,Interest,1471.26,GBP
TXN00001686,ACCT000157,2025-11-26,Interest,1091.23,GBP
TXN00001687,ACCT000317,2025-09-07,Purchase,4677.39,USD
TXN00001688,ACCT000236,2025-06-18,Fee,34.43,USD
TXN00001689,ACCT000180,2025-04-06,Fee,540.28,CAD
TXN00001690,ACCT000221,2025-09-09,Fee,49.27,USD
TXN00001691,ACCT000079,2025-07-30,Purchase,2647.84,USD
TXN00001692,ACCT000394,2025-12-03,Interest,39.52,USD
TXN00001693,ACCT000192,2025-06-03,Payment,2356.14,USD
TXN00001694,ACCT000275,2025-05-18,Interest,4461.51,USD
TXN00001695,ACCT000225,2025-03-24,Interest,3283.12,USD
TXN00001696,ACCT000003,2025-07-03,Fee,3736.72,USD
TXN00001697,ACCT000021,2025-03-10,Purchase,951.89,CAD
TXN00001698,ACCT000017,2025-03-24,Interest,3720.9,USD
TXN00001699,ACCT000137,2025-03-02,Interest,4798.7,CAD
TXN00001700,ACCT000350,2025-03-07,Interest,2752.87,USD
TXN00001701,ACCT000380,2025-07-19,Interest,2511.78,USD
TXN00001702,ACCT000011,2025-03-06,Purchase,4788.6,USD
TXN00001703,ACCT000393,2025-12-17,Fee,2502.5,USD
TXN00001704,ACCT000176,2025-08-08,Purchase,3393.16,GBP
TXN00001705,ACCT000149,2025-05-25,Purchase,2174.47,CAD
TXN00001706,ACCT000127,2025-11-13,Purchase,3805.69,USD
TXN00001707,ACCT000144,2025-02-28,Transfer,938.37,USD
TXN00001708,ACCT000220,2025-04-12,Payment,3333.32,CAD
TXN00001709,ACCT000258,2025-11-09,Purchase,3507.22,USD
TXN00001710,ACCT000303,2025-11-19,Payment,4962.8,USD
TXN00001711,ACCT000206,2025-01-20,Payment,606.7,USD
TXN00001712,ACCT000219,2025-01-10,Payment,4645.85,GBP
TXN00001713,ACCT000027,2025-07-14,Payment,459.22,CAD
TXN00001714,ACCT000325,2025-04-29,Transfer,1535.7,USD
TXN00001715,ACCT000032,2025-09-19,Fee,2133.25,CAD
TXN00001716,ACCT000138,2025-07-06,Purchase,1524.93,USD
TXN00001717,ACCT000127,2025-06-13,Fee,3559.37,USD
TXN00001718,ACCT000027,2025-12-05,Payment,209.24,USD
TXN00001719,ACCT000144,2025-11-07,Payment,1430.16,USD
TXN00001720,ACCT000252,2025-07-06,Interest,928.28,USD
TXN00001721,ACCT000343,2025-01-07,Fee,562.09,GBP
TXN00001722,ACCT000380,2025-07-05,Payment,1659.4,GBP
TXN00001723,ACCT000122,2025-11-29,Transfer,3025.55,USD
TXN00001724,ACCT000045,2025-02-24,Payment,2923.71,USD
TXN00001725,ACCT000301,2025-12-02,Transfer,606.17,USD
TXN00001726,ACCT000051,2025-02-08,Payment,3524.78,GBP
TXN00001727,ACCT000372,2025-08-31,Transfer,1717.78,USD
TXN00001728,ACCT000023,2025-03-07,Transfer,3605.24,USD
TXN00001729,ACCT000130,2025-10-14,Interest,2754.73,USD
TXN00001730,ACCT000368,2025-03-02,Fee,2245.17,CAD
TXN00001731,ACCT000269,2025-09-15,Purchase,2416.69,USD
TXN00001732,ACCT000357,2025-03-08,Payment,2997.77,USD
TXN00001733,ACCT000032,2025-12-22,Purchase,4779.24,USD
TXN00001734,ACCT000273,2025-09-20,Interest,2477.65,USD
TXN00001735,ACCT000261,2025-07-16,Payment,2191.54,GBP
TXN00001736,ACCT000140,2025-04-16,Interest,2007.24,USD
TXN00001737,ACCT000112,2025-10-31,Purchase,804.22,USD
TXN00001738,ACCT000363,2025-09-26,Transfer,2279.93,USD
TXN00001739,ACCT000152,2025-12-29,Fee,4263.11,USD
TXN00001740,ACCT000115,2025-01-24,Transfer,599.92,GBP
TXN00001741,ACCT000328,2025-03-17,Payment,1462.76,USD
TXN00001742,ACCT000027,2025-11-25,Payment,1355.82,USD
TXN00001743,ACCT000001,2025-11-29,Payment,2675.3,USD
TXN00001744,ACCT000167,2025-02-12,Transfer,4861.23,GBP
TXN00001745,ACCT000210,2025-11-10,Fee,3611.79,USD
TXN00001746,ACCT000321,2025-01-06,Fee,4926.38,USD
TXN00001747,ACCT000144,2025-04-01,Payment,3653.73,USD
TXN00001748,ACCT000399,2025-10-26,Purchase,2689.26,USD
TXN00001749,ACCT000132,2025-11-17,Interest,4728.55,GBP
TXN00001750,ACCT000227,2025-04-23,Transfer,1034.76,USD
TXN00001751,ACCT000323,2025-07-22,Fee,1023.57,USD
TXN00001752,ACCT000372,2025-08-11,Interest,1162.46,USD
TXN00001753,ACCT000048,2025-09-11,Payment,4511.33,USD
TXN00001754,ACCT000091,2025-04-07,Interest,929.21,GBP
TXN00001755,ACCT000093,2025-11-28,Interest,4717.06,USD
TXN00001756,ACCT000091,2025-07-21,Purchase,1554.25,GBP
TXN00001757,ACCT000037,2025-08-07,Payment,351.92,USD
TXN00001758,ACCT000207,2025-02-21,Interest,4546.11,GBP
TXN00001759,ACCT000007,2025-11-05,Payment,3635.19,USD
TXN00001760,ACCT000057,2025-01-07,Interest,1923.03,USD
TXN00001761,ACCT000043,2025-05-18,Payment,1245.47,USD
TXN00001762,ACCT000005,2025-02-24,Transfer,72.42,GBP
TXN00001763,ACCT000044,2025-04-14,Fee,4264.34,USD
TXN00001764,ACCT000228,2025-03-25,Interest,3799.56,USD
TXN00001765,ACCT000125,2025-01-29,Fee,2397.15,GBP
TXN00001766,ACCT000064,2025-01-11,Fee,3139.29,USD
TXN00001767,ACCT000053,2025-09-19,Purchase,2725.49,CAD
TXN00001768,ACCT000115,2025-01-13,Payment,11.05,USD
TXN00001769,ACCT000181,2025-12-02,Interest,1929.99,USD
TXN00001770,ACCT000351,2025-07-16,Payment,4608.85,USD
TXN00001771,ACCT000057,2025-04-25,Interest,851.95,USD
TXN00001772,ACCT000316,2025-06-20,Fee,1789.75,USD
TXN00001773,ACCT000044,2025-01-23,Fee,4616.98,GBP
TXN00001774,ACCT000272,2025-06-21,Payment,894.45,GBP
TXN00001775,ACCT000077,2025-12-08,Payment,3398.77,USD
TXN00001776,ACCT000179,2025-02-23,Transfer,4088.72,USD
TXN00001777,ACCT000136,2025-12-31,Interest,3310.35,USD
TXN00001778,ACCT000077,2025-12-02,Purchase,4309.26,USD
TXN00001779,ACCT000229,2025-09-02,Fee,743.16,USD
TXN00001780,ACCT000373,2025-05-23,Purchase,2891.33,USD
TXN00001781,ACCT000066,2025-04-04,Purchase,1618.65,CAD
TXN00001782,ACCT000218,2025-09-04,Fee,1599.98,CAD
TXN00001783,ACCT000171,2025-03-12,Transfer,3968.54,USD
TXN00001784,ACCT000255,2025-10-03,Interest,2096.2,GBP
TXN00001785,ACCT000118,2025-07-16,Interest,2664.71,USD
TXN00001786,ACCT000270,2025-10-23,Transfer,3576.03,USD
TXN00001787,ACCT000002,2025-04-15,Purchase,1179.79,USD
TXN00001788,ACCT000069,2025-02-26,Fee,2794.08,USD
TXN00001789,ACCT000399,2025-03-13,Fee,1807.49,USD
TXN00001790,ACCT000283,2025-08-04,Interest,724.98,USD
TXN00001791,ACCT000029,2025-03-12,Payment,4139.97,USD
TXN00001792,ACCT000014,2025-12-23,Payment,1890.42,CAD
TXN00001793,ACCT000055,2025-12-06,Fee,275.15,GBP
TXN00001794,ACCT000305,2025-03-22,Purchase,2386.75,USD
TXN00001795,ACCT000041,2025-05-06,Payment,1829.39,USD
TXN00001796,ACCT000214,2025-03-18,Purchase,2848.07,USD
TXN00001797,ACCT000384,2025-09-28,Interest,3719.07,USD
TXN00001798,ACCT000173,2025-08-16,Interest,2060.55,USD
TXN00001799,ACCT000031,2025-11-25,Fee,560.78,USD
TXN00001800,ACCT000258,2025-03-24,Transfer,3756.91,USD
TXN00001801,ACCT000349,2025-08-21,Interest,4164.24,GBP
TXN00001802,ACCT000257,2025-06-06,Fee,4596.16,USD
TXN00001803,ACCT000140,2025-02-17,Interest,4657.59,GBP
TXN00001804,ACCT000065,2025-04-19,Interest,4889.74,CAD
TXN00001805,ACCT000201,2025-04-05,Transfer,284.7,GBP
TXN00001806,ACCT000355,2025-08-28,Transfer,4209.36,CAD
TXN00001807,ACCT000208,2025-07-14,Fee,3265.24,USD
TXN00001808,ACCT000332,2025-08-06,Purchase,4017.68,USD
TXN00001809,ACCT000040,2025-07-05,Fee,546.46,GBP
TXN00001810,ACCT000145,2025-03-25,Fee,145.1,GBP
TXN00001811,ACCT000306,2025-01-06,Purchase,331.27,USD
TXN00001812,ACCT000327,2025-01-17,Payment,2760.7,USD
TXN00001813,ACCT000292,2025-10-17,Fee,429.77,USD
TXN00001814,ACCT000248,2025-01-24,Transfer,4932.54,USD
TXN00001815,ACCT000159,2025-01-05,Fee,470.59,USD
TXN00001816,ACCT000257,2025-04-10,Fee,4793.9,USD
TXN00001817,ACCT000067,2025-12-26,Interest,3629.81,USD
TXN00001818,ACCT000380,2025-09-15,Fee,2039.4,USD
TXN00001819,ACCT000077,2025-01-13,Transfer,4038.43,GBP
TXN00001820,ACCT000020,2025-05-29,Interest,2387.38,USD
TXN00001821,ACCT000041,2025-11-17,Payment,3413.46,USD
TXN00001822,ACCT000349,2025-12-01,Payment,4422.59,USD
TXN00001823,ACCT000257,2025-09-22,Payment,4967.12,GBP
TXN00001824,ACCT000175,2025-08-18,Transfer,4651.48,USD
TXN00001825,ACCT000320,2025-08-09,Fee,1457.75,USD
TXN00001826,ACCT000313,2025-11-07,Interest,1199.36,USD
TXN00001827,ACCT000255,2025-02-19,Payment,2836.67,USD
TXN00001828,ACCT000159,2025-10-08,Payment,3832.75,USD
TXN00001829,ACCT000161,2025-03-28,Interest,475.1,USD
TXN00001830,ACCT000296,2025-07-06,Payment,345.47,USD
TXN00001831,ACCT000364,2025-08-24,Purchase,360.31,USD
TXN00001832,ACCT000391,2025-08-15,Interest,4892.53,USD
TXN00001833,ACCT000250,2025-01-21,Purchase,4858.54,USD
TXN00001834,ACCT000318,2025-12-15,Fee,2007.69,USD
TXN00001835,ACCT000320,2025-06-10,Interest,1836.83,USD
TXN00001836,ACCT000260,2025-08-19,Purchase,3412.59,USD
TXN00001837,ACCT000330,2025-01-30,Purchase,3104.97,USD
TXN00001838,ACCT000054,2025-05-29,Transfer,44.68,CAD
TXN00001839,ACCT000038,2025-04-25,Payment,2852.82,CAD
TXN00001840,ACCT000179,2025-08-27,Interest,3347.41,CAD
TXN00001841,ACCT000239,2025-02-25,Transfer,4501.13,USD
TXN00001842,ACCT000204,2025-08-10,Payment,3660.23,USD
TXN00001843,ACCT000163,2025-06-25,Interest,1646.96,GBP
TXN00001844,ACCT000380,2025-09-01,Interest,1067.11,USD
TXN00001845,ACCT000280,2025-03-21,Fee,2275.62,CAD
TXN00001846,ACCT000164,2025-10-18,Payment,3202.88,USD
TXN00001847,ACCT000032,2025-07-05,Transfer,3872.16,CAD
TXN00001848,ACCT000109,2025-01-12,Interest,1071.04,CAD
TXN00001849,ACCT000091,2025-02-12,Fee,1264.1,USD
TXN00001850,ACCT000042,2025-06-02,Purchase,1373.16,CAD
TXN00001851,ACCT000343,2025-05-13,Interest,2626.27,USD
TXN00001852,ACCT000220,2025-06-25,Purchase,466.74,USD
TXN00001853,ACCT000215,2025-09-04,Payment,997.03,CAD
TXN00001854,ACCT000083,2025-12-23,Transfer,3445.71,CAD
TXN00001855,ACCT000293,2025-07-19,Fee,4563.43,USD
TXN00001856,ACCT000306,2025-04-12,Transfer,3916.45,USD
TXN00001857,ACCT000166,2025-12-07,Transfer,3084.48,USD
TXN00001858,ACCT000235,2025-03-17,Purchase,756.78,CAD
TXN00001859,ACCT000346,2025-07-28,Fee,572.47,USD
TXN00001860,ACCT000231,2025-03-06,Transfer,3612.82,CAD
TXN00001861,ACCT000112,2025-04-07,Transfer,491.74,CAD
TXN00001862,ACCT000308,2025-07-13,Transfer,3873.05,USD
TXN00001863,ACCT000098,2025-12-14,Fee,1052.77,GBP
TXN00001864,ACCT000187,2025-01-09,Purchase,1854.43,USD
TXN00001865,ACCT000064,2025-12-25,Fee,2512.92,CAD
TXN00001866,ACCT000181,2025-06-30,Interest,2073.2,GBP
TXN00001867,ACCT000392,2025-06-21,Interest,2618.23,USD
TXN00001868,ACCT000192,2025-04-01,Payment,2296.82,GBP
TXN00001869,ACCT000224,2025-07-15,Transfer,817.47,USD
TXN00001870,ACCT000360,2025-11-14,Interest,3172.37,USD
TXN00001871,ACCT000054,2025-02-15,Purchase,4030.67,USD
TXN00001872,ACCT000054,2025-09-12,Transfer,4662.82,GBP
TXN00001873,ACCT000228,2025-09-15,Transfer,503.01,GBP
TXN00001874,ACCT000216,2025-04-19,Purchase,3340.21,USD
TXN00001875,ACCT000059,2025-04-11,Interest,2760.18,CAD
TXN00001876,ACCT000238,2025-07-31,Purchase,1756.32,CAD
TXN00001877,ACCT000115,2025-09-17,Purchase,4698.39,USD
TXN00001878,ACCT000136,2025-06-07,Fee,4398.64,CAD
TXN00001879,ACCT000213,2025-01-17,Payment,25.77,USD
TXN00001880,ACCT000192,2025-09-23,Purchase,771.11,GBP
TXN00001881,ACCT000293,2025-08-09,Fee,1678.77,USD
TXN00001882,ACCT000099,2025-11-12,Transfer,4867.58,CAD
TXN00001883,ACCT000296,2025-08-08,Purchase,4007.65,USD
TXN00001884,ACCT000089,2025-07-26,Interest,4886.89,USD
TXN00001885,ACCT000119,2025-02-20,Transfer,796.43,USD
TXN00001886,ACCT000296,2025-07-20,Transfer,596.27,USD
TXN00001887,ACCT000166,2025-04-15,Transfer,799.47,USD
TXN00001888,ACCT000006,2025-11-18,Purchase,133.07,GBP
TXN00001889,ACCT000363,2025-10-06,Payment,143.95,USD
TXN00001890,ACCT000381,2025-03-08,Transfer,1915.11,CAD
TXN00001891,ACCT000335,2025-04-24,Fee,936.84,USD
TXN00001892,ACCT000126,2025-07-13,Payment,2679.41,USD
TXN00001893,ACCT000074,2025-11-18,Purchase,1378.45,USD
TXN00001894,ACCT000057,2025-08-24,Transfer,4335.36,GBP
TXN00001895,ACCT000145,2025-05-15,Purchase,539.85,USD
TXN00001896,ACCT000186,2025-04-17,Purchase,391.52,CAD
TXN00001897,ACCT000012,2025-07-31,Purchase,2457.73,USD
TXN00001898,ACCT000040,2025-04-18,Interest,4796.29,CAD
TXN00001899,ACCT000325,2025-08-19,Interest,4449.12,USD
TXN00001900,ACCT000092,2025-12-04,Payment,1497.28,GBP
TXN00001901,ACCT000061,2025-06-25,Transfer,4274.77,USD
TXN00001902,ACCT000308,2025-10-07,Interest,4974.61,USD
TXN00001903,ACCT000131,2025-03-04,Payment,2611.13,USD
TXN00001904,ACCT000012,2025-09-23,Transfer,152.63,GBP
TXN00001905,ACCT000187,2025-02-28,Payment,1085.45,USD
TXN00001906,ACCT000113,2025-02-12,Purchase,1641.06,USD
TXN00001907,ACCT000103,2025-02-17,Fee,1371.96,USD
TXN00001908,ACCT000240,2025-09-11,Transfer,3261.36,CAD
TXN00001909,ACCT000099,2025-05-09,Transfer,4732.0,USD
TXN00001910,ACCT000368,2025-05-24,Payment,3436.85,CAD
TXN00001911,ACCT000393,2025-10-28,Purchase,2920.32,USD
TXN00001912,ACCT000370,2025-09-07,Payment,3971.53,CAD
TXN00001913,ACCT000383,2025-05-20,Interest,2121.57,USD
TXN00001914,ACCT000197,2025-08-08,Transfer,542.26,USD
TXN00001915,ACCT000324,2025-02-02,Transfer,1767.81,CAD
TXN00001916,ACCT000262,2025-05-10,Payment,4447.8,GBP
TXN00001917,ACCT000331,2025-09-29,Interest,1470.9,USD
TXN00001918,ACCT000093,2025-06-15,Interest,154.55,CAD
TXN00001919,ACCT000038,2025-04-21,Payment,1791.93,USD
TXN00001920,ACCT000161,2025-03-04,Fee,729.47,USD
TXN00001921,ACCT000368,2025-06-18,Fee,3443.02,USD
TXN00001922,ACCT000165,2025-04-30,Interest,2839.51,GBP
TXN00001923,ACCT000309,2025-04-19,Purchase,1931.03,GBP
TXN00001924,ACCT000143,2025-11-08,Payment,519.09,USD
TXN00001925,ACCT000216,2025-12-16,Transfer,4463.86,CAD
TXN00001926,ACCT000102,2025-04-11,Fee,4067.91,USD
TXN00001927,ACCT000141,2025-08-04,Interest,2495.76,USD
TXN00001928,ACCT000308,2025-06-17,Purchase,2266.66,GBP
TXN00001929,ACCT000011,2025-05-26,Interest,1185.93,USD
TXN00001930,ACCT000237,2025-05-26,Transfer,4939.83,USD
TXN00001931,ACCT000274,2025-09-28,Interest,189.86,USD
TXN00001932,ACCT000036,2025-08-29,Fee,3225.65,USD
TXN00001933,ACCT000141,2025-06-12,Interest,3617.65,USD
TXN00001934,ACCT000397,2025-06-10,Interest,403.44,CAD
TXN00001935,ACCT000153,2025-12-23,Transfer,240.13,CAD
TXN00001936,ACCT000063,2025-07-11,Interest,4244.12,GBP
TXN00001937,ACCT000025,2025-01-06,Purchase,151.29,USD
TXN00001938,ACCT000353,2025-08-12,Purchase,4967.73,USD
TXN00001939,ACCT000371,2025-07-08,Payment,444.64,GBP
TXN00001940,ACCT000027,2025-05-13,Purchase,4670.88,USD
TXN00001941,ACCT000156,2025-02-08,Purchase,244.78,USD
TXN00001942,ACCT000195,2025-05-19,Fee,3441.17,USD
TXN00001943,ACCT000062,2025-03-06,Payment,2919.35,USD
TXN00001944,ACCT000212,2025-11-23,Payment,3766.41,CAD
TXN00001945,ACCT000124,2025-10-23,Purchase,2611.21,CAD
TXN00001946,ACCT000165,2025-09-05,Interest,4881.87,USD
TXN00001947,ACCT000152,2025-12-31,Purchase,1322.74,USD
TXN00001948,ACCT000125,2025-12-04,Fee,2794.78,USD
TXN00001949,ACCT000254,2025-01-31,Purchase,380.35,USD
TXN00001950,ACCT000240,2025-07-17,Purchase,3354.14,USD
TXN00001951,ACCT000107,2025-10-30,Interest,527.15,GBP
TXN00001952,ACCT000390,2025-06-09,Transfer,4293.0,CAD
TXN00001953,ACCT000055,2025-03-08,Payment,4239.8,USD
TXN00001954,ACCT000232,2025-11-14,Fee,1930.95,GBP
TXN00001955,ACCT000097,2025-02-05,Payment,3901.21,USD
TXN00001956,ACCT000158,2025-10-23,Interest,825.16,USD
TXN00001957,ACCT000055,2025-02-26,Payment,2307.47,USD
TXN00001958,ACCT000096,2025-05-17,Purchase,4471.02,USD
TXN00001959,ACCT000232,2025-06-30,Interest,3311.12,USD
TXN00001960,ACCT000044,2025-07-01,Purchase,4635.0,CAD
TXN00001961,ACCT000258,2025-08-09,Payment,757.35,GBP
TXN00001962,ACCT000140,2025-07-09,Fee,270.52,USD
TXN00001963,ACCT000375,2025-08-05,Purchase,3244.87,USD
TXN00001964,ACCT000091,2025-11-01,Fee,951.3,USD
TXN00001965,ACCT000266,2025-08-10,Transfer,3039.2,USD
TXN00001966,ACCT000057,2025-04-23,Purchase,3233.49,USD
TXN00001967,ACCT000295,2025-05-17,Purchase,4475.82,USD
TXN00001968,ACCT000142,2025-04-26,Purchase,2663.0,GBP
TXN00001969,ACCT000052,2025-04-23,Interest,1962.58,USD
TXN00001970,ACCT000105,2025-06-27,Interest,1032.5,USD
TXN00001971,ACCT000002,2025-02-18,Transfer,1443.45,USD
TXN00001972,ACCT000319,2025-09-02,Transfer,4539.37,USD
TXN00001973,ACCT000349,2025-02-05,Payment,855.31,USD
TXN00001974,ACCT000234,2025-03-14,Payment,1664.12,USD
TXN00001975,ACCT000011,2025-04-01,Interest,2142.47,USD
TXN00001976,ACCT000390,2025-01-05,Purchase,857.77,GBP
TXN00001977,ACCT000299,2025-01-01,Fee,4847.86,CAD
TXN00001978,ACCT000024,2025-01-09,Payment,2365.48,GBP
TXN00001979,ACCT000269,2025-09-15,Fee,4177.62,USD
TXN00001980,ACCT000052,2025-06-05,Payment,3877.41,USD
TXN00001981,ACCT000180,2025-10-07,Interest,2455.86,USD
TXN00001982,ACCT000235,2025-01-07,Interest,1271.42,USD
TXN00001983,ACCT000266,2025-12-06,Fee,3552.23,GBP
TXN00001984,ACCT000352,2025-09-23,Interest,568.24,USD
TXN00001985,ACCT000113,2025-12-04,Payment,4893.29,USD
TXN00001986,ACCT000126,2025-10-23,Fee,2491.67,CAD
TXN00001987,ACCT000046,2025-04-10,Fee,1035.51,CAD
TXN00001988,ACCT000321,2025-12-14,Purchase,4827.44,GBP
TXN00001989,ACCT000270,2025-03-31,Interest,4936.72,USD
TXN00001990,ACCT000201,2025-10-29,Fee,4440.53,CAD
TXN00001991,ACCT000022,2025-10-24,Fee,1550.07,GBP
TXN00001992,ACCT000063,2025-08-10,Fee,4171.69,CAD
TXN00001993,ACCT000178,2025-05-28,Transfer,4840.92,USD
TXN00001994,ACCT000351,2025-03-17,Purchase,2497.14,CAD
TXN00001995,ACCT000149,2025-11-16,Payment,2618.31,GBP
TXN00001996,ACCT000148,2025-02-03,Payment,1521.71,USD
TXN00001997,ACCT000112,2025-05-25,Purchase,2272.02,GBP
TXN00001998,ACCT000157,2025-01-03,Purchase,270.7,CAD
TXN00001999,ACCT000001,2025-01-26,Fee,3302.97,USD
TXN00002000,ACCT000146,2025-09-15,Payment,1754.34,GBP
TXN00002001,ACCT000366,2025-05-19,Payment,4768.66,USD
TXN00002002,ACCT000042,2025-05-29,Payment,2163.09,USD
TXN00002003,ACCT000182,2025-05-08,Purchase,2368.52,CAD
TXN00002004,ACCT000051,2025-05-14,Interest,1998.57,USD
TXN00002005,ACCT000289,2025-08-12,Transfer,1557.13,USD
TXN00002006,ACCT000394,2025-04-13,Transfer,700.19,USD
TXN00002007,ACCT000103,2025-06-04,Payment,2084.48,USD
TXN00002008,ACCT000322,2025-08-25,Purchase,1490.18,GBP
TXN00002009,ACCT000224,2025-02-19,Payment,1882.95,USD
TXN00002010,ACCT000161,2025-09-15,Transfer,2212.3,USD
TXN00002011,ACCT000239,2025-08-04,Interest,1774.2,CAD
TXN00002012,ACCT000287,2025-01-14,Interest,143.23,CAD
TXN00002013,ACCT000315,2025-06-04,Purchase,3780.5,USD
TXN00002014,ACCT000066,2025-11-14,Transfer,2563.47,GBP
TXN00002015,ACCT000028,2025-07-21,Transfer,4389.64,USD
TXN00002016,ACCT000237,2025-09-23,Interest,3352.05,CAD
TXN00002017,ACCT000139,2025-11-29,Purchase,427.87,USD
TXN00002018,ACCT000149,2025-10-17,Fee,2973.73,CAD
TXN00002019,ACCT000063,2025-10-27,Fee,4322.25,GBP
TXN00002020,ACCT000265,2025-03-15,Purchase,3509.36,GBP
TXN00002021,ACCT000346,2025-11-24,Interest,686.33,USD
TXN00002022,ACCT000369,2025-01-04,Fee,3143.06,CAD
TXN00002023,ACCT000059,2025-02-04,Transfer,3440.43,USD
TXN00002024,ACCT000062,2025-09-24,Payment,3020.93,USD
TXN00002025,ACCT000243,2025-01-13,Payment,1025.45,GBP
TXN00002026,ACCT000063,2025-06-03,Interest,1956.62,CAD
TXN00002027,ACCT000121,2025-10-07,Interest,4913.57,USD
TXN00002028,ACCT000337,2025-11-12,Transfer,3408.2,USD
TXN00002029,ACCT000012,2025-04-05,Interest,735.5,USD
TXN00002030,ACCT000380,2025-12-25,Payment,858.02,GBP
TXN00002031,ACCT000149,2025-05-29,Payment,2383.41,USD
TXN00002032,ACCT000342,2025-05-21,Transfer,2467.36,CAD
TXN00002033,ACCT000055,2025-08-26,Interest,3489.78,CAD
TXN00002034,ACCT000146,2025-08-23,Interest,745.09,USD
TXN00002035,ACCT000298,2025-06-05,Transfer,1950.2,USD
TXN00002036,ACCT000182,2025-03-13,Transfer,2225.17,CAD
TXN00002037,ACCT000082,2025-07-03,Interest,1388.14,GBP
TXN00002038,ACCT000362,2025-09-26,Transfer,1057.85,CAD
TXN00002039,ACCT000336,2025-03-19,Transfer,318.52,USD
TXN00002040,ACCT000367,2025-03-13,Transfer,1699.76,USD
TXN00002041,ACCT000035,2025-11-27,Fee,4617.77,CAD
TXN00002042,ACCT000311,2025-12-04,Interest,4812.96,USD
TXN00002043,ACCT000260,2025-12-04,Transfer,3543.96,GBP
TXN00002044,ACCT000166,2025-10-29,Fee,651.46,GBP
TXN00002045,ACCT000207,2025-02-04,Fee,2924.54,USD
TXN00002046,ACCT000082,2025-04-29,Purchase,4260.9,USD
TXN00002047,ACCT000348,2025-09-01,Purchase,2499.67,USD
TXN00002048,ACCT000376,2025-05-02,Payment,4906.74,USD
TXN00002049,ACCT000197,2025-08-04,Payment,3642.17,USD
TXN00002050,ACCT000059,2025-01-20,Purchase,3061.46,USD
TXN00002051,ACCT000311,2025-11-20,Interest,3817.94,USD
TXN00002052,ACCT000358,2025-08-19,Payment,1609.19,CAD
TXN00002053,ACCT000294,2025-10-12,Payment,4944.41,USD
TXN00002054,ACCT000225,2025-12-14,Payment,1266.21,USD
TXN00002055,ACCT000083,2025-08-11,Payment,1009.96,GBP
TXN00002056,ACCT000013,2025-11-19,Payment,434.66,USD
TXN00002057,ACCT000072,2025-01-03,Payment,171.03,USD
TXN00002058,ACCT000037,2025-06-24,Interest,2843.63,USD
TXN00002059,ACCT000107,2025-10-20,Transfer,2483.4,CAD
TXN00002060,ACCT000317,2025-10-14,Transfer,1763.77,USD
TXN00002061,ACCT000321,2025-07-12,Purchase,2197.2,USD
TXN00002062,ACCT000265,2025-06-02,Transfer,395.33,USD
TXN00002063,ACCT000027,2025-11-04,Purchase,2496.07,GBP
TXN00002064,ACCT000149,2025-05-09,Fee,117.6,CAD
TXN00002065,ACCT000081,2025-05-28,Fee,344.42,USD
TXN00002066,ACCT000266,2025-11-09,Transfer,2878.9,GBP
TXN00002067,ACCT000030,2025-10-07,Fee,1999.1,USD
TXN00002068,ACCT000135,2025-12-01,Transfer,2357.54,USD
TXN00002069,ACCT000134,2025-04-13,Purchase,1693.54,USD
TXN00002070,ACCT000281,2025-06-18,Purchase,700.75,USD
TXN00002071,ACCT000289,2025-11-09,Payment,2470.31,USD
TXN00002072,ACCT000214,2025-11-03,Fee,4905.37,GBP
TXN00002073,ACCT000246,2025-03-08,Purchase,4438.16,USD
TXN00002074,ACCT000255,2025-09-17,Purchase,524.79,USD
TXN00002075,ACCT000156,2025-04-27,Fee,2160.42,USD
TXN00002076,ACCT000101,2025-10-01,Purchase,136.64,GBP
TXN00002077,ACCT000378,2025-01-10,Interest,3411.3,GBP
TXN00002078,ACCT000393,2025-07-13,Interest,265.44,USD
TXN00002079,ACCT000282,2025-03-12,Interest,3508.18,USD
TXN00002080,ACCT000316,2025-07-08,Interest,594.37,USD
TXN00002081,ACCT000030,2025-05-02,Payment,1718.91,USD
TXN00002082,ACCT000117,2025-07-31,Purchase,2945.14,GBP
TXN00002083,ACCT000008,2025-05-08,Transfer,233.67,USD
TXN00002084,ACCT000225,2025-04-03,Purchase,287.99,USD
TXN00002085,ACCT000309,2025-12-02,Purchase,1574.06,USD
TXN00002086,ACCT000204,2025-09-03,Fee,652.93,USD
TXN00002087,ACCT000279,2025-04-16,Purchase,386.51,CAD
TXN00002088,ACCT000113,2025-08-16,Fee,4488.71,USD
TXN00002089,ACCT000150,2025-12-01,Fee,3902.14,USD
TXN00002090,ACCT000164,2025-12-24,Transfer,4465.43,GBP
TXN00002091,ACCT000178,2025-07-30,Transfer,526.37,GBP
TXN00002092,ACCT000105,2025-03-12,Interest,1402.52,GBP
TXN00002093,ACCT000284,2025-04-18,Payment,1528.17,USD
TXN00002094,ACCT000073,2025-01-19,Fee,3625.93,USD
TXN00002095,ACCT000233,2025-02-28,Interest,3251.29,USD
TXN00002096,ACCT000139,2025-05-23,Interest,4182.44,GBP
TXN00002097,ACCT000044,2025-01-31,Interest,1505.56,USD
TXN00002098,ACCT000010,2025-07-15,Transfer,1922.76,CAD
TXN00002099,ACCT000106,2025-07-14,Interest,226.86,USD
TXN00002100,ACCT000339,2025-06-06,Interest,2664.8,USD
TXN00002101,ACCT000014,2025-11-08,Transfer,3816.17,USD
TXN00002102,ACCT000303,2025-04-21,Fee,4052.17,USD
TXN00002103,ACCT000319,2025-08-11,Fee,3630.3,CAD
TXN00002104,ACCT000284,2025-07-18,Purchase,4037.95,USD
TXN00002105,ACCT000294,2025-10-18,Transfer,2320.2,GBP
TXN00002106,ACCT000196,2025-08-28,Fee,816.93,USD
TXN00002107,ACCT000144,2025-12-16,Payment,4539.02,USD
TXN00002108,ACCT000395,2025-10-05,Purchase,4994.04,USD
TXN00002109,ACCT000020,2025-11-12,Fee,2857.56,USD
TXN00002110,ACCT000129,2025-12-01,Fee,1347.39,GBP
TXN00002111,ACCT000292,2025-12-05,Purchase,625.91,USD
TXN00002112,ACCT000228,2025-08-25,Fee,4238.73,USD
TXN00002113,ACCT000019,2025-07-03,Interest,49.31,CAD
TXN00002114,ACCT000030,2025-10-24,Transfer,1093.12,USD
TXN00002115,ACCT000283,2025-06-10,Fee,4485.74,USD
TXN00002116,ACCT000393,2025-05-22,Interest,903.12,USD
TXN00002117,ACCT000323,2025-03-31,Interest,640.48,USD
TXN00002118,ACCT000120,2025-02-28,Transfer,3281.61,USD
TXN00002119,ACCT000226,2025-10-24,Payment,3423.78,USD
TXN00002120,ACCT000117,2025-02-01,Purchase,2769.27,USD
TXN00002121,ACCT000181,2025-10-04,Fee,85.51,USD
TXN00002122,ACCT000056,2025-02-09,Transfer,1177.31,GBP
TXN00002123,ACCT000040,2025-05-02,Interest,570.35,USD
TXN00002124,ACCT000349,2025-08-01,Fee,2853.98,USD
TXN00002125,ACCT000074,2025-01-13,Interest,4379.89,USD
TXN00002126,ACCT000172,2025-07-28,Transfer,3941.88,USD
TXN00002127,ACCT000151,2025-11-15,Interest,4712.69,USD
TXN00002128,ACCT000149,2025-03-18,Payment,1844.67,GBP
TXN00002129,ACCT000109,2025-06-10,Purchase,535.63,GBP
TXN00002130,ACCT000365,2025-06-26,Transfer,3918.42,USD
TXN00002131,ACCT000017,2025-12-03,Interest,4154.48,USD
TXN00002132,ACCT000333,2025-02-10,Interest,3814.25,USD
TXN00002133,ACCT000295,2025-11-19,Payment,2829.18,GBP
TXN00002134,ACCT000063,2025-09-28,Interest,2697.14,USD
TXN00002135,ACCT000269,2025-09-24,Transfer,2364.28,CAD
TXN00002136,ACCT000295,2025-05-31,Fee,1349.57,USD
TXN00002137,ACCT000394,2025-07-05,Fee,1219.15,USD
TXN00002138,ACCT000060,2025-12-21,Interest,1577.51,USD
TXN00002139,ACCT000210,2025-07-05,Interest,3665.33,USD
TXN00002140,ACCT000040,2025-07-05,Fee,2804.48,CAD
TXN00002141,ACCT000215,2025-04-28,Transfer,1155.6,GBP
TXN00002142,ACCT000126,2025-07-28,Payment,4628.96,GBP
TXN00002143,ACCT000147,2025-06-24,Payment,3029.7,USD
TXN00002144,ACCT000216,2025-09-16,Purchase,412.12,USD
TXN00002145,ACCT000396,2025-04-12,Transfer,2473.53,USD
TXN00002146,ACCT000062,2025-08-03,Interest,82.48,USD
TXN00002147,ACCT000241,2025-02-21,Transfer,3558.35,USD
TXN00002148,ACCT000013,2025-12-20,Purchase,4170.12,USD
TXN00002149,ACCT000272,2025-07-18,Purchase,666.23,CAD
TXN00002150,ACCT000357,2025-10-13,Fee,641.63,USD
TXN00002151,ACCT000173,2025-10-30,Fee,599.55,GBP
TXN00002152,ACCT000370,2025-01-24,Transfer,543.32,USD
TXN00002153,ACCT000210,2025-11-19,Fee,4749.85,CAD
TXN00002154,ACCT000245,2025-12-25,Interest,1450.01,USD
TXN00002155,ACCT000302,2025-09-18,Payment,3619.92,USD
TXN00002156,ACCT000304,2025-10-31,Payment,4478.52,USD
TXN00002157,ACCT000225,2025-04-01,Interest,1899.98,GBP
TXN00002158,ACCT000396,2025-02-19,Transfer,1400.1,USD
TXN00002159,ACCT000025,2025-10-16,Fee,2469.0,GBP
TXN00002160,ACCT000219,2025-05-27,Transfer,2901.24,USD
TXN00002161,ACCT000092,2025-03-15,Interest,1596.3,USD
TXN00002162,ACCT000143,2025-10-22,Payment,2155.54,GBP
TXN00002163,ACCT000146,2025-03-26,Fee,501.84,USD
TXN00002164,ACCT000225,2025-04-25,Fee,1372.87,USD
TXN00002165,ACCT000133,2025-11-07,Fee,4696.33,USD
TXN00002166,ACCT000073,2025-02-19,Payment,3333.84,USD
TXN00002167,ACCT000387,2025-03-28,Transfer,4194.76,USD
TXN00002168,ACCT000277,2025-10-03,Transfer,4513.19,USD
TXN00002169,ACCT000014,2025-07-09,Purchase,2444.39,USD
TXN00002170,ACCT000293,2025-08-07,Fee,4709.32,CAD
TXN00002171,ACCT000233,2025-06-01,Transfer,635.26,USD
TXN00002172,ACCT000222,2025-09-10,Purchase,2224.8,USD
TXN00002173,ACCT000143,2025-12-09,Purchase,4323.19,USD
TXN00002174,ACCT000382,2025-04-24,Fee,4019.19,USD
TXN00002175,ACCT000172,2025-05-22,Fee,787.85,CAD
TXN00002176,ACCT000038,2025-12-28,Transfer,3362.05,USD
TXN00002177,ACCT000362,2025-09-24,Purchase,2169.72,USD
TXN00002178,ACCT000339,2025-11-17,Payment,4207.95,USD
TXN00002179,ACCT000301,2025-07-12,Purchase,1233.34,USD
TXN00002180,ACCT000078,2025-09-06,Payment,1330.1,USD
TXN00002181,ACCT000102,2025-11-22,Interest,1416.59,USD
TXN00002182,ACCT000384,2025-04-20,Transfer,4286.5,USD
TXN00002183,ACCT000286,2025-11-09,Interest,340.97,USD
TXN00002184,ACCT000353,2025-05-15,Payment,198.87,GBP
TXN00002185,ACCT000121,2025-11-23,Interest,3156.98,USD
TXN00002186,ACCT000093,2025-06-03,Interest,2654.65,USD
TXN00002187,ACCT000251,2025-11-19,Fee,3341.54,CAD
TXN00002188,ACCT000247,2025-06-01,Transfer,1788.85,USD
TXN00002189,ACCT000387,2025-05-28,Payment,566.28,CAD
TXN00002190,ACCT000340,2025-08-06,Interest,1630.36,USD
TXN00002191,ACCT000164,2025-12-05,Payment,2326.36,USD
TXN00002192,ACCT000361,2025-03-07,Fee,3486.36,CAD
TXN00002193,ACCT000352,2025-05-01,Interest,3007.29,USD
TXN00002194,ACCT000111,2025-07-29,Fee,1343.28,USD
TXN00002195,ACCT000134,2025-12-12,Transfer,3860.13,USD
TXN00002196,ACCT000227,2025-08-06,Interest,1959.94,CAD
TXN00002197,ACCT000138,2025-09-06,Fee,4562.28,USD
TXN00002198,ACCT000024,2025-06-07,Fee,3183.15,CAD
TXN00002199,ACCT000086,2025-10-02,Interest,1110.44,USD
TXN00002200,ACCT000315,2025-11-09,Purchase,4739.65,USD
TXN00002201,ACCT000011,2025-01-11,Payment,3026.78,CAD
TXN00002202,ACCT000171,2025-06-30,Purchase,3903.27,GBP
TXN00002203,ACCT000266,2025-04-18,Purchase,3276.38,USD
TXN00002204,ACCT000081,2025-10-02,Transfer,996.21,CAD
TXN00002205,ACCT000083,2025-07-11,Payment,1454.49,USD
TXN00002206,ACCT000376,2025-05-08,Interest,1082.0,USD
TXN00002207,ACCT000387,2025-09-27,Purchase,4228.18,USD
TXN00002208,ACCT000249,2025-01-22,Transfer,1992.7,USD
TXN00002209,ACCT000118,2025-11-20,Fee,1510.82,USD
TXN00002210,ACCT000064,2025-07-13,Purchase,1365.93,CAD
TXN00002211,ACCT000139,2025-02-13,Payment,4092.39,USD
TXN00002212,ACCT000361,2025-08-01,Purchase,2525.03,USD
TXN00002213,ACCT000278,2025-11-06,Purchase,3714.55,USD
TXN00002214,ACCT000201,2025-04-10,Purchase,3680.69,GBP
TXN00002215,ACCT000218,2025-09-20,Fee,3924.93,USD
TXN00002216,ACCT000104,2025-02-21,Fee,1373.88,USD
TXN00002217,ACCT000150,2025-08-08,Transfer,2359.64,USD
TXN00002218,ACCT000288,2025-05-23,Payment,4834.6,CAD
TXN00002219,ACCT000274,2025-09-17,Fee,4538.79,USD
TXN00002220,ACCT000255,2025-07-21,Interest,90.98,USD
TXN00002221,ACCT000232,2025-04-25,Transfer,3574.32,GBP
TXN00002222,ACCT000119,2025-08-17,Purchase,1989.76,USD
TXN00002223,ACCT000330,2025-06-09,Interest,2817.95,USD
TXN00002224,ACCT000043,2025-02-18,Payment,4049.36,GBP
TXN00002225,ACCT000251,2025-10-31,Payment,1042.37,USD
TXN00002226,ACCT000316,2025-08-31,Purchase,710.95,GBP
TXN00002227,ACCT000031,2025-09-10,Transfer,3804.11,USD
TXN00002228,ACCT000173,2025-03-19,Interest,1560.72,USD
TXN00002229,ACCT000307,2025-07-28,Fee,3446.54,USD
TXN00002230,ACCT000387,2025-10-15,Fee,3453.53,CAD
TXN00002231,ACCT000334,2025-05-01,Transfer,2501.58,USD
TXN00002232,ACCT000264,2025-10-12,Interest,3545.8,USD
TXN00002233,ACCT000040,2025-07-12,Purchase,2131.38,USD
TXN00002234,ACCT000384,2025-03-04,Purchase,814.66,USD
TXN00002235,ACCT000059,2025-01-20,Payment,2190.82,CAD
TXN00002236,ACCT000269,2025-09-07,Interest,857.76,USD
TXN00002237,ACCT000005,2025-06-01,Transfer,2093.65,USD
TXN00002238,ACCT000369,2025-12-13,Interest,4978.74,USD
TXN00002239,ACCT000191,2025-10-16,Transfer,1615.32,USD
TXN00002240,ACCT000351,2025-04-15,Payment,1454.53,GBP
TXN00002241,ACCT000129,2025-08-30,Fee,2599.3,CAD
TXN00002242,ACCT000383,2025-03-11,Payment,4681.33,USD
TXN00002243,ACCT000243,2025-01-06,Transfer,3576.83,USD
TXN00002244,ACCT000241,2025-02-04,Interest,900.23,USD
TXN00002245,ACCT000103,2025-12-22,Fee,3508.82,USD
TXN00002246,ACCT000049,2025-02-01,Transfer,2295.67,GBP
TXN00002247,ACCT000035,2025-06-29,Interest,2974.3,GBP
TXN00002248,ACCT000008,2025-04-09,Payment,1728.06,USD
TXN00002249,ACCT000219,2025-10-27,Fee,4104.67,USD
TXN00002250,ACCT000207,2025-05-11,Fee,3124.38,GBP
TXN00002251,ACCT000104,2025-02-09,Transfer,3209.79,GBP
TXN00002252,ACCT000111,2025-05-24,Payment,519.37,USD
TXN00002253,ACCT000065,2025-09-25,Fee,2820.48,GBP
TXN00002254,ACCT000396,2025-10-31,Interest,1654.15,GBP
TXN00002255,ACCT000378,2025-11-12,Fee,4833.46,CAD
TXN00002256,ACCT000119,2025-04-21,Payment,844.66,USD
TXN00002257,ACCT000085,2025-09-01,Transfer,736.73,USD
TXN00002258,ACCT000027,2025-03-12,Fee,393.55,GBP
TXN00002259,ACCT000242,2025-06-17,Interest,2129.9,USD
TXN00002260,ACCT000124,2025-10-14,Transfer,3801.24,CAD
TXN00002261,ACCT000362,2025-08-31,Interest,3870.73,USD
TXN00002262,ACCT000163,2025-09-29,Fee,4194.05,USD
TXN00002263,ACCT000086,2025-11-21,Transfer,4211.75,USD
TXN00002264,ACCT000287,2025-08-15,Payment,4200.18,CAD
TXN00002265,ACCT000286,2025-08-11,Fee,3428.41,USD
TXN00002266,ACCT000188,2025-08-27,Payment,131.35,USD
TXN00002267,ACCT000287,2025-04-08,Interest,1072.83,CAD
TXN00002268,ACCT000383,2025-01-06,Fee,899.13,USD
TXN00002269,ACCT000100,2025-01-03,Interest,1808.15,GBP
TXN00002270,ACCT000189,2025-05-10,Fee,1645.62,GBP
TXN00002271,ACCT000018,2025-11-28,Purchase,3035.84,USD
TXN00002272,ACCT000357,2025-12-27,Interest,1994.48,USD
TXN00002273,ACCT000293,2025-01-16,Fee,3128.23,CAD
TXN00002274,ACCT000252,2025-03-30,Transfer,3163.04,CAD
TXN00002275,ACCT000020,2025-07-09,Transfer,4038.12,USD
TXN00002276,ACCT000079,2025-12-28,Transfer,4471.85,USD
TXN00002277,ACCT000062,2025-01-29,Payment,418.71,CAD
TXN00002278,ACCT000279,2025-05-23,Purchase,1574.61,USD
TXN00002279,ACCT000171,2025-12-11,Transfer,3688.58,USD
TXN00002280,ACCT000301,2025-07-07,Payment,4529.1,GBP
TXN00002281,ACCT000207,2025-08-02,Purchase,4703.02,USD
TXN00002282,ACCT000390,2025-09-14,Purchase,968.73,USD
TXN00002283,ACCT000228,2025-01-23,Fee,424.42,USD
TXN00002284,ACCT000259,2025-07-29,Transfer,997.42,USD
TXN00002285,ACCT000288,2025-06-29,Purchase,1559.27,USD
TXN00002286,ACCT000357,2025-02-14,Fee,2333.93,GBP
TXN00002287,ACCT000047,2025-04-04,Interest,445.37,USD
TXN00002288,ACCT000321,2025-01-11,Payment,1590.92,USD
TXN00002289,ACCT000192,2025-08-24,Purchase,1091.54,USD
TXN00002290,ACCT000349,2025-11-25,Payment,1542.37,USD
TXN00002291,ACCT000195,2025-12-28,Payment,1555.88,USD
TXN00002292,ACCT000290,2025-06-11,Payment,1398.42,CAD
TXN00002293,ACCT000140,2025-04-13,Payment,4177.2,USD
TXN00002294,ACCT000226,2025-05-16,Fee,1300.47,USD
TXN00002295,ACCT000187,2025-06-28,Interest,1778.99,GBP
TXN00002296,ACCT000352,2025-03-29,Interest,4148.35,USD
TXN00002297,ACCT000276,2025-10-19,Transfer,1931.48,USD
TXN00002298,ACCT000350,2025-05-28,Interest,1737.87,USD
TXN00002299,ACCT000258,2025-10-10,Fee,3499.77,USD
TXN00002300,ACCT000108,2025-05-13,Purchase,2568.8,USD
TXN00002301,ACCT000060,2025-09-22,Interest,1307.93,USD
TXN00002302,ACCT000301,2025-06-15,Interest,703.38,USD
TXN00002303,ACCT000302,2025-01-18,Transfer,1892.66,USD
TXN00002304,ACCT000005,2025-03-23,Purchase,3149.21,CAD
TXN00002305,ACCT000332,2025-02-21,Interest,1676.89,USD
TXN00002306,ACCT000240,2025-10-07,Fee,1534.85,USD
TXN00002307,ACCT000316,2025-08-22,Purchase,2197.85,GBP
TXN00002308,ACCT000375,2025-07-24,Transfer,3474.02,CAD
TXN00002309,ACCT000192,2025-11-04,Payment,1266.61,USD
TXN00002310,ACCT000154,2025-01-21,Interest,3394.39,USD
TXN00002311,ACCT000219,2025-05-18,Transfer,543.74,GBP
TXN00002312,ACCT000084,2025-09-20,Interest,2967.41,USD
TXN00002313,ACCT000358,2025-09-26,Fee,4433.54,USD
TXN00002314,ACCT000067,2025-12-06,Transfer,3760.49,USD
TXN00002315,ACCT000159,2025-03-14,Purchase,4851.77,USD
TXN00002316,ACCT000236,2025-01-01,Interest,1982.99,USD
TXN00002317,ACCT000155,2025-06-07,Payment,4415.36,USD
TXN00002318,ACCT000105,2025-08-12,Payment,1184.74,USD
TXN00002319,ACCT000285,2025-07-11,Payment,774.92,USD
TXN00002320,ACCT000052,2025-08-30,Interest,800.85,GBP
TXN00002321,ACCT000242,2025-12-09,Interest,3495.4,CAD
TXN00002322,ACCT000391,2025-02-19,Interest,3532.59,CAD
TXN00002323,ACCT000069,2025-07-24,Payment,1595.19,USD
TXN00002324,ACCT000374,2025-08-06,Fee,4099.86,GBP
TXN00002325,ACCT000178,2025-09-08,Interest,2672.91,GBP
TXN00002326,ACCT000312,2025-04-02,Purchase,1112.36,USD
TXN00002327,ACCT000257,2025-01-01,Fee,1814.59,GBP
TXN00002328,ACCT000040,2025-11-27,Transfer,3759.66,USD
TXN00002329,ACCT000023,2025-04-19,Payment,2502.25,USD
TXN00002330,ACCT000197,2025-12-01,Interest,468.79,USD
TXN00002331,ACCT000160,2025-07-18,Interest,757.98,CAD
TXN00002332,ACCT000216,2025-04-02,Purchase,1308.79,USD
TXN00002333,ACCT000055,2025-08-27,Interest,3413.29,USD
TXN00002334,ACCT000052,2025-12-02,Fee,3431.9,CAD
TXN00002335,ACCT000066,2025-10-22,Purchase,808.61,GBP
TXN00002336,ACCT000006,2025-09-06,Interest,3433.06,CAD
TXN00002337,ACCT000156,2025-08-06,Interest,3857.94,USD
TXN00002338,ACCT000231,2025-09-15,Purchase,3020.16,USD
TXN00002339,ACCT000274,2025-07-06,Interest,3561.56,USD
TXN00002340,ACCT000273,2025-07-16,Payment,4903.77,USD
TXN00002341,ACCT000363,2025-10-30,Payment,39.75,USD
TXN00002342,ACCT000315,2025-08-21,Payment,2576.91,CAD
TXN00002343,ACCT000021,2025-03-04,Purchase,2326.49,CAD
TXN00002344,ACCT000307,2025-12-18,Interest,1838.69,USD
TXN00002345,ACCT000346,2025-06-01,Fee,2131.38,USD
TXN00002346,ACCT000151,2025-07-02,Transfer,1339.84,CAD
TXN00002347,ACCT000153,2025-11-22,Purchase,2236.62,USD
TXN00002348,ACCT000375,2025-01-19,Transfer,562.86,GBP
TXN00002349,ACCT000044,2025-10-01,Interest,1246.89,USD
TXN00002350,ACCT000325,2025-09-10,Payment,3635.3,CAD
TXN00002351,ACCT000235,2025-12-19,Fee,1730.2,GBP
TXN00002352,ACCT000376,2025-09-26,Payment,4594.28,GBP
TXN00002353,ACCT000168,2025-07-10,Interest,208.0,USD
TXN00002354,ACCT000371,2025-11-23,Payment,3048.72,USD
TXN00002355,ACCT000372,2025-02-10,Interest,2565.6,USD
TXN00002356,ACCT000012,2025-04-05,Fee,2115.54,USD
TXN00002357,ACCT000222,2025-03-01,Purchase,4185.08,USD
TXN00002358,ACCT000156,2025-11-12,Transfer,1308.57,GBP
TXN00002359,ACCT000125,2025-12-22,Transfer,4271.95,USD
TXN00002360,ACCT000111,2025-08-12,Fee,2868.81,USD
TXN00002361,ACCT000344,2025-01-24,Payment,1387.88,GBP
TXN00002362,ACCT000348,2025-05-26,Interest,4549.18,USD
TXN00002363,ACCT000010,2025-08-01,Purchase,2038.88,USD
TXN00002364,ACCT000307,2025-11-22,Fee,1338.93,USD
TXN00002365,ACCT000010,2025-12-30,Purchase,1110.51,USD
TXN00002366,ACCT000148,2025-12-31,Payment,323.29,GBP
TXN00002367,ACCT000326,2025-11-01,Interest,2941.63,USD
TXN00002368,ACCT000286,2025-01-07,Transfer,1948.25,USD
TXN00002369,ACCT000228,2025-03-19,Fee,1601.62,CAD
TXN00002370,ACCT000358,2025-03-29,Interest,1057.13,CAD
TXN00002371,ACCT000339,2025-10-20,Fee,2017.68,USD
TXN00002372,ACCT000177,2025-02-12,Interest,2808.82,USD
TXN00002373,ACCT000150,2025-06-11,Transfer,1849.11,CAD
TXN00002374,ACCT000320,2025-10-27,Interest,152.68,USD
TXN00002375,ACCT000221,2025-08-01,Transfer,1761.37,USD
TXN00002376,ACCT000252,2025-05-01,Fee,2784.42,CAD
TXN00002377,ACCT000311,2025-03-05,Transfer,662.83,USD
TXN00002378,ACCT000057,2025-10-20,Interest,1095.44,USD
TXN00002379,ACCT000393,2025-07-25,Payment,4325.14,GBP
TXN00002380,ACCT000112,2025-08-03,Interest,1763.36,GBP
TXN00002381,ACCT000186,2025-11-19,Fee,1600.42,USD
TXN00002382,ACCT000273,2025-07-20,Fee,2514.01,USD
TXN00002383,ACCT000238,2025-05-27,Interest,2476.69,CAD
TXN00002384,ACCT000091,2025-07-24,Payment,4619.93,USD
TXN00002385,ACCT000172,2025-08-26,Purchase,2665.67,USD
TXN00002386,ACCT000335,2025-08-03,Purchase,1919.85,CAD
TXN00002387,ACCT000015,2025-11-13,Interest,948.43,USD
TXN00002388,ACCT000258,2025-02-11,Payment,3050.48,GBP
TXN00002389,ACCT000012,2025-06-16,Transfer,3662.08,GBP
TXN00002390,ACCT000321,2025-08-30,Payment,836.46,USD
TXN00002391,ACCT000308,2025-12-01,Fee,118.48,CAD
TXN00002392,ACCT000099,2025-03-24,Transfer,2559.12,CAD
TXN00002393,ACCT000123,2025-03-31,Fee,3616.69,CAD
TXN00002394,ACCT000151,2025-02-03,Payment,1617.01,USD
TXN00002395,ACCT000236,2025-05-06,Payment,2890.12,GBP
TXN00002396,ACCT000091,2025-08-25,Interest,4948.62,GBP
TXN00002397,ACCT000170,2025-03-23,Purchase,4019.42,USD
TXN00002398,ACCT000036,2025-01-04,Interest,3611.62,USD
TXN00002399,ACCT000241,2025-07-17,Interest,4335.98,USD
TXN00002400,ACCT000367,2025-10-03,Interest,4788.09,USD
TXN00002401,ACCT000274,2025-01-13,Transfer,3237.21,CAD
TXN00002402,ACCT000031,2025-05-30,Interest,4139.63,CAD
TXN00002403,ACCT000367,2025-09-19,Purchase,1820.05,CAD
TXN00002404,ACCT000054,2025-03-16,Interest,3938.18,USD
TXN00002405,ACCT000058,2025-03-28,Transfer,3769.12,USD
TXN00002406,ACCT000073,2025-05-05,Interest,3284.4,CAD
TXN00002407,ACCT000169,2025-11-25,Payment,1326.22,USD
TXN00002408,ACCT000252,2025-05-06,Interest,4496.48,USD
TXN00002409,ACCT000228,2025-06-19,Fee,1479.98,CAD
TXN00002410,ACCT000305,2025-01-19,Fee,2843.31,USD
TXN00002411,ACCT000014,2025-04-24,Payment,2611.29,USD
TXN00002412,ACCT000150,2025-06-07,Transfer,1816.81,USD
TXN00002413,ACCT000244,2025-08-14,Transfer,3171.3,USD
TXN00002414,ACCT000356,2025-03-07,Payment,3719.95,USD
TXN00002415,ACCT000197,2025-05-12,Transfer,1465.2,USD
TXN00002416,ACCT000299,2025-06-05,Purchase,4255.34,USD
TXN00002417,ACCT000187,2025-09-18,Transfer,65.27,GBP
TXN00002418,ACCT000088,2025-06-26,Interest,2387.49,USD
TXN00002419,ACCT000161,2025-09-25,Transfer,4263.79,USD
TXN00002420,ACCT000249,2025-11-28,Interest,4327.72,USD
TXN00002421,ACCT000248,2025-07-14,Transfer,2412.85,USD
TXN00002422,ACCT000159,2025-04-16,Purchase,1715.12,USD
TXN00002423,ACCT000399,2025-03-03,Payment,1395.19,USD
TXN00002424,ACCT000292,2025-11-23,Fee,2496.46,USD
TXN00002425,ACCT000380,2025-04-14,Transfer,4491.18,USD
TXN00002426,ACCT000051,2025-06-18,Purchase,1995.46,GBP
TXN00002427,ACCT000274,2025-10-03,Purchase,1361.01,USD
TXN00002428,ACCT000268,2025-05-07,Purchase,2235.93,USD
TXN00002429,ACCT000094,2025-12-20,Fee,3987.36,USD
TXN00002430,ACCT000234,2025-04-01,Payment,3449.74,USD
TXN00002431,ACCT000143,2025-02-16,Transfer,1332.49,USD
TXN00002432,ACCT000068,2025-09-25,Purchase,4531.17,USD
TXN00002433,ACCT000125,2025-10-27,Purchase,1042.62,GBP
TXN00002434,ACCT000275,2025-01-27,Interest,2324.04,USD
TXN00002435,ACCT000060,2025-08-15,Purchase,986.15,USD
TXN00002436,ACCT000278,2025-10-29,Interest,990.99,USD
TXN00002437,ACCT000292,2025-01-05,Transfer,2438.72,GBP
TXN00002438,ACCT000058,2025-08-15,Interest,4306.39,USD
TXN00002439,ACCT000315,2025-08-22,Transfer,4029.8,USD
TXN00002440,ACCT000308,2025-05-19,Fee,3774.03,CAD
TXN00002441,ACCT000248,2025-09-21,Payment,1646.55,USD
TXN00002442,ACCT000273,2025-05-08,Fee,1324.68,USD
TXN00002443,ACCT000258,2025-06-08,Fee,3390.82,CAD
TXN00002444,ACCT000094,2025-09-07,Purchase,4886.26,USD
TXN00002445,ACCT000261,2025-08-29,Fee,4467.37,CAD
TXN00002446,ACCT000390,2025-08-10,Payment,898.08,USD
TXN00002447,ACCT000227,2025-06-25,Purchase,4626.85,GBP
TXN00002448,ACCT000056,2025-04-29,Payment,972.01,USD
TXN00002449,ACCT000164,2025-09-29,Fee,2511.39,CAD
TXN00002450,ACCT000313,2025-04-18,Purchase,3425.31,GBP
TXN00002451,ACCT000099,2025-07-22,Payment,1622.21,USD
TXN00002452,ACCT000081,2025-06-16,Payment,3052.57,GBP
TXN00002453,ACCT000214,2025-05-18,Interest,3269.19,USD
TXN00002454,ACCT000156,2025-07-09,Fee,2362.55,USD
TXN00002455,ACCT000182,2025-06-11,Fee,1671.94,CAD
TXN00002456,ACCT000202,2025-08-02,Fee,2129.36,USD
TXN00002457,ACCT000210,2025-07-01,Interest,281.26,USD
TXN00002458,ACCT000010,2025-12-27,Interest,3836.41,USD
TXN00002459,ACCT000132,2025-05-31,Payment,3311.96,USD
TXN00002460,ACCT000196,2025-06-16,Purchase,1612.62,GBP
TXN00002461,ACCT000111,2025-11-13,Transfer,3696.39,GBP
TXN00002462,ACCT000055,2025-02-08,Interest,4282.74,USD
TXN00002463,ACCT000246,2025-10-31,Payment,1630.79,CAD
TXN00002464,ACCT000200,2025-12-19,Purchase,3907.23,CAD
TXN00002465,ACCT000311,2025-10-28,Payment,1404.31,CAD
TXN00002466,ACCT000328,2025-06-25,Purchase,511.69,USD
TXN00002467,ACCT000146,2025-02-26,Transfer,1850.4,CAD
TXN00002468,ACCT000038,2025-06-16,Payment,4404.84,CAD
TXN00002469,ACCT000302,2025-06-03,Payment,4370.38,GBP
TXN00002470,ACCT000225,2025-05-06,Payment,2811.37,USD
TXN00002471,ACCT000339,2025-05-14,Transfer,2735.19,GBP
TXN00002472,ACCT000354,2025-01-12,Transfer,4087.46,USD
TXN00002473,ACCT000359,2025-12-31,Purchase,4354.27,USD
TXN00002474,ACCT000229,2025-04-20,Fee,4525.99,USD
TXN00002475,ACCT000236,2025-07-05,Fee,2344.29,USD
TXN00002476,ACCT000361,2025-05-13,Payment,3389.96,USD
TXN00002477,ACCT000012,2025-03-13,Transfer,3739.51,USD
TXN00002478,ACCT000250,2025-01-25,Interest,2139.52,GBP
TXN00002479,ACCT000263,2025-07-11,Purchase,4565.35,USD
TXN00002480,ACCT000017,2025-09-16,Transfer,2188.85,USD
TXN00002481,ACCT000295,2025-06-20,Transfer,2462.59,USD
TXN00002482,ACCT000286,2025-02-27,Purchase,2828.71,GBP
TXN00002483,ACCT000045,2025-10-21,Payment,3993.96,CAD
TXN00002484,ACCT000098,2025-02-07,Transfer,3252.62,CAD
TXN00002485,ACCT000379,2025-03-19,Fee,2331.25,USD
TXN00002486,ACCT000295,2025-06-23,Purchase,912.46,CAD
TXN00002487,ACCT000379,2025-08-10,Transfer,3906.66,USD
TXN00002488,ACCT000004,2025-11-16,Interest,2875.82,CAD
TXN00002489,ACCT000166,2025-08-07,Purchase,47.65,USD
TXN00002490,ACCT000300,2025-12-12,Fee,4278.6,USD
TXN00002491,ACCT000341,2025-04-13,Transfer,2291.48,GBP
TXN00002492,ACCT000367,2025-10-23,Fee,4466.75,USD
TXN00002493,ACCT000106,2025-06-07,Payment,3866.1,USD
TXN00002494,ACCT000309,2025-01-21,Purchase,135.99,USD
TXN00002495,ACCT000036,2025-06-17,Transfer,1745.86,USD
TXN00002496,ACCT000104,2025-06-05,Payment,3292.54,USD
TXN00002497,ACCT000120,2025-04-22,Interest,4955.06,USD
TXN00002498,ACCT000226,2025-03-05,Purchase,690.87,CAD
TXN00002499,ACCT000381,2025-04-17,Purchase,2222.54,CAD
TXN00002500,ACCT000205,2025-04-12,Purchase,2236.83,USD
TXN00002501,ACCT000064,2025-02-17,Interest,2953.13,USD
TXN00002502,ACCT000371,2025-09-22,Transfer,4566.85,USD
TXN00002503,ACCT000062,2025-09-08,Payment,3784.25,GBP
TXN00002504,ACCT000163,2025-08-01,Fee,3749.66,USD
TXN00002505,ACCT000260,2025-07-04,Payment,4925.83,CAD
TXN00002506,ACCT000234,2025-01-09,Fee,2546.13,USD
TXN00002507,ACCT000205,2025-02-21,Interest,4018.04,USD
TXN00002508,ACCT000034,2025-08-11,Fee,4728.93,USD
TXN00002509,ACCT000044,2025-11-30,Payment,4998.53,CAD
TXN00002510,ACCT000141,2025-11-28,Interest,84.17,USD
TXN00002511,ACCT000128,2025-04-01,Purchase,707.98,GBP
TXN00002512,ACCT000080,2025-03-13,Purchase,644.1,CAD
TXN00002513,ACCT000108,2025-12-05,Purchase,310.6,USD
TXN00002514,ACCT000081,2025-08-03,Fee,3089.69,USD
TXN00002515,ACCT000078,2025-12-09,Payment,4681.78,USD
TXN00002516,ACCT000057,2025-03-25,Fee,4395.99,USD
TXN00002517,ACCT000207,2025-11-17,Interest,1024.36,USD
TXN00002518,ACCT000015,2025-01-14,Fee,3111.46,USD
TXN00002519,ACCT000018,2025-03-15,Purchase,4444.66,CAD
TXN00002520,ACCT000391,2025-11-03,Purchase,2699.68,GBP
TXN00002521,ACCT000008,2025-06-28,Payment,795.07,USD
TXN00002522,ACCT000034,2025-02-27,Purchase,2102.31,CAD
TXN00002523,ACCT000275,2025-08-14,Interest,4916.93,USD
TXN00002524,ACCT000001,2025-06-09,Transfer,4048.08,CAD
TXN00002525,ACCT000132,2025-03-07,Interest,4498.25,USD
TXN00002526,ACCT000315,2025-12-09,Transfer,1831.09,USD
TXN00002527,ACCT000293,2025-04-11,Interest,2466.54,USD
TXN00002528,ACCT000074,2025-04-26,Payment,2576.1,USD
TXN00002529,ACCT000145,2025-11-11,Purchase,3587.75,USD
TXN00002530,ACCT000095,2025-12-04,Payment,1134.99,USD
TXN00002531,ACCT000237,2025-12-09,Fee,3553.75,GBP
TXN00002532,ACCT000137,2025-03-09,Transfer,2586.94,USD
TXN00002533,ACCT000075,2025-10-24,Interest,1876.98,USD
TXN00002534,ACCT000102,2025-04-04,Interest,3161.24,USD
TXN00002535,ACCT000122,2025-03-24,Payment,3174.98,CAD
TXN00002536,ACCT000247,2025-09-05,Fee,63.5,USD
TXN00002537,ACCT000296,2025-07-27,Payment,3145.42,CAD
TXN00002538,ACCT000135,2025-10-07,Payment,2268.7,CAD
TXN00002539,ACCT000336,2025-09-21,Purchase,3726.08,USD
TXN00002540,ACCT000096,2025-05-11,Fee,4983.45,USD
TXN00002541,ACCT000234,2025-12-06,Interest,3861.18,USD
TXN00002542,ACCT000135,2025-02-02,Fee,3817.53,USD
TXN00002543,ACCT000279,2025-03-06,Interest,3213.25,USD
TXN00002544,ACCT000057,2025-03-03,Payment,4875.56,GBP
TXN00002545,ACCT000178,2025-06-07,Fee,635.86,CAD
TXN00002546,ACCT000043,2025-09-16,Interest,2768.73,USD
TXN00002547,ACCT000262,2025-04-10,Interest,4101.03,USD
TXN00002548,ACCT000102,2025-07-01,Payment,3880.68,GBP
TXN00002549,ACCT000289,2025-09-29,Transfer,3900.79,GBP
TXN00002550,ACCT000186,2025-10-04,Purchase,4002.3,USD
TXN00002551,ACCT000082,2025-02-21,Transfer,837.93,USD
TXN00002552,ACCT000385,2025-03-19,Transfer,1135.16,GBP
TXN00002553,ACCT000104,2025-05-23,Transfer,2122.96,USD
TXN00002554,ACCT000268,2025-08-04,Interest,1486.0,CAD
TXN00002555,ACCT000370,2025-06-03,Interest,1613.0,USD
TXN00002556,ACCT000285,2025-12-09,Purchase,1260.39,USD
TXN00002557,ACCT000314,2025-11-01,Payment,4615.65,USD
TXN00002558,ACCT000072,2025-03-15,Purchase,3777.07,CAD
TXN00002559,ACCT000125,2025-07-20,Payment,3824.14,USD
TXN00002560,ACCT000100,2025-05-08,Interest,1958.04,USD
TXN00002561,ACCT000142,2025-03-13,Purchase,1135.39,CAD
TXN00002562,ACCT000300,2025-12-11,Purchase,3631.26,USD
TXN00002563,ACCT000345,2025-05-22,Payment,2219.69,USD
TXN00002564,ACCT000267,2025-06-09,Purchase,3185.6,GBP
TXN00002565,ACCT000307,2025-08-30,Purchase,3859.43,USD
TXN00002566,ACCT000064,2025-10-05,Interest,1497.62,GBP
TXN00002567,ACCT000387,2025-06-24,Interest,772.61,USD
TXN00002568,ACCT000131,2025-02-27,Purchase,1910.6,CAD
TXN00002569,ACCT000364,2025-12-21,Interest,2926.97,CAD
TXN00002570,ACCT000053,2025-02-15,Fee,1127.04,GBP
TXN00002571,ACCT000124,2025-12-07,Transfer,4326.1,CAD
TXN00002572,ACCT000327,2025-02-23,Interest,2111.26,USD
TXN00002573,ACCT000328,2025-09-18,Fee,4524.13,USD
TXN00002574,ACCT000129,2025-07-02,Interest,3336.56,USD
TXN00002575,ACCT000249,2025-05-05,Purchase,510.15,GBP
TXN00002576,ACCT000223,2025-12-07,Interest,1110.83,USD
TXN00002577,ACCT000363,2025-09-07,Purchase,4986.53,GBP
TXN00002578,ACCT000193,2025-11-07,Transfer,4187.87,GBP
TXN00002579,ACCT000056,2025-10-30,Interest,215.3,USD
TXN00002580,ACCT000392,2025-05-03,Transfer,479.09,USD
TXN00002581,ACCT000310,2025-08-04,Transfer,3364.68,CAD
TXN00002582,ACCT000226,2025-08-24,Purchase,1739.79,GBP
TXN00002583,ACCT000205,2025-11-18,Transfer,191.19,CAD
TXN00002584,ACCT000093,2025-01-13,Purchase,1084.12,USD
TXN00002585,ACCT000212,2025-01-15,Purchase,1464.92,CAD
TXN00002586,ACCT000350,2025-06-26,Fee,1796.15,USD
TXN00002587,ACCT000025,2025-06-16,Payment,1386.78,CAD
TXN00002588,ACCT000083,2025-04-18,Fee,3844.21,GBP
TXN00002589,ACCT000380,2025-07-25,Transfer,3243.19,USD
TXN00002590,ACCT000046,2025-06-20,Payment,4224.38,USD
TXN00002591,ACCT000117,2025-06-12,Transfer,2693.48,USD
TXN00002592,ACCT000047,2025-11-24,Purchase,4571.29,CAD
TXN00002593,ACCT000328,2025-04-06,Fee,3110.89,CAD
TXN00002594,ACCT000363,2025-09-06,Payment,1327.08,USD
TXN00002595,ACCT000186,2025-03-23,Fee,4030.46,USD
TXN00002596,ACCT000098,2025-10-25,Fee,84.56,USD
TXN00002597,ACCT000287,2025-06-01,Transfer,3502.64,GBP
TXN00002598,ACCT000317,2025-12-23,Transfer,893.65,USD
TXN00002599,ACCT000365,2025-11-03,Payment,471.35,CAD
TXN00002600,ACCT000175,2025-09-30,Fee,733.1,USD
TXN00002601,ACCT000198,2025-02-23,Interest,669.5,USD
TXN00002602,ACCT000043,2025-06-15,Transfer,2852.68,USD
TXN00002603,ACCT000126,2025-10-08,Interest,4131.54,USD
TXN00002604,ACCT000115,2025-12-22,Fee,136.66,USD
TXN00002605,ACCT000226,2025-11-28,Payment,4376.3,USD
TXN00002606,ACCT000125,2025-01-11,Payment,67.03,GBP
TXN00002607,ACCT000213,2025-10-12,Interest,4190.46,GBP
TXN00002608,ACCT000096,2025-09-23,Transfer,965.23,GBP
TXN00002609,ACCT000199,2025-05-14,Interest,3138.14,USD
TXN00002610,ACCT000187,2025-05-01,Fee,2159.42,USD
TXN00002611,ACCT000355,2025-03-10,Transfer,1788.59,USD
TXN00002612,ACCT000297,2025-03-07,Payment,3978.81,USD
TXN00002613,ACCT000275,2025-06-10,Transfer,3543.23,USD
TXN00002614,ACCT000179,2025-12-26,Transfer,1142.98,GBP
TXN00002615,ACCT000295,2025-01-28,Payment,2329.11,CAD
TXN00002616,ACCT000303,2025-08-12,Transfer,2192.17,USD
TXN00002617,ACCT000230,2025-10-14,Payment,115.47,USD
TXN00002618,ACCT000362,2025-03-17,Fee,2385.75,USD
TXN00002619,ACCT000369,2025-05-22,Fee,331.74,GBP
TXN00002620,ACCT000373,2025-01-15,Fee,4737.02,GBP
TXN00002621,ACCT000392,2025-03-10,Interest,2157.0,CAD
TXN00002622,ACCT000159,2025-10-03,Payment,3310.7,USD
TXN00002623,ACCT000261,2025-07-28,Fee,1166.66,USD
TXN00002624,ACCT000301,2025-06-11,Transfer,4900.99,USD
TXN00002625,ACCT000387,2025-07-03,Transfer,269.59,GBP
TXN00002626,ACCT000037,2025-11-11,Purchase,3874.23,USD
TXN00002627,ACCT000083,2025-04-10,Transfer,2071.49,USD
TXN00002628,ACCT000092,2025-04-03,Transfer,3869.8,USD
TXN00002629,ACCT000170,2025-02-15,Interest,3644.69,USD
TXN00002630,ACCT000351,2025-07-18,Interest,2872.14,CAD
TXN00002631,ACCT000071,2025-06-25,Interest,3483.59,USD
TXN00002632,ACCT000091,2025-12-29,Purchase,1559.42,CAD
TXN00002633,ACCT000095,2025-05-14,Fee,2500.91,CAD
TXN00002634,ACCT000332,2025-11-21,Payment,1137.07,USD
TXN00002635,ACCT000049,2025-09-26,Fee,2261.38,USD
TXN00002636,ACCT000032,2025-10-13,Purchase,4397.11,USD
TXN00002637,ACCT000001,2025-09-28,Fee,481.97,USD
TXN00002638,ACCT000157,2025-01-15,Purchase,1637.66,GBP
TXN00002639,ACCT000036,2025-03-30,Transfer,1877.31,USD
TXN00002640,ACCT000275,2025-04-22,Transfer,2493.52,USD
TXN00002641,ACCT000080,2025-11-04,Purchase,4361.12,USD
TXN00002642,ACCT000226,2025-12-28,Transfer,888.76,USD
TXN00002643,ACCT000228,2025-01-16,Transfer,748.5,GBP
TXN00002644,ACCT000062,2025-06-09,Purchase,4676.79,USD
TXN00002645,ACCT000093,2025-10-30,Purchase,1748.52,GBP
TXN00002646,ACCT000255,2025-04-09,Payment,4501.65,GBP
TXN00002647,ACCT000173,2025-08-21,Payment,4986.72,GBP
TXN00002648,ACCT000060,2025-12-09,Interest,3921.39,GBP
TXN00002649,ACCT000188,2025-03-14,Purchase,1695.03,USD
TXN00002650,ACCT000207,2025-01-22,Interest,945.76,USD
TXN00002651,ACCT000246,2025-12-04,Purchase,4583.47,GBP
TXN00002652,ACCT000047,2025-12-06,Purchase,4239.63,USD
TXN00002653,ACCT000360,2025-09-30,Transfer,2817.17,GBP
TXN00002654,ACCT000330,2025-04-13,Interest,3785.83,USD
TXN00002655,ACCT000391,2025-04-12,Fee,681.7,USD
TXN00002656,ACCT000194,2025-02-12,Interest,2024.17,CAD
TXN00002657,ACCT000165,2025-10-15,Purchase,2458.74,CAD
TXN00002658,ACCT000255,2025-05-28,Transfer,1947.1,USD
TXN00002659,ACCT000097,2025-02-15,Transfer,4157.13,USD
TXN00002660,ACCT000293,2025-10-05,Transfer,3740.52,USD
TXN00002661,ACCT000274,2025-01-15,Fee,3697.59,USD
TXN00002662,ACCT000181,2025-10-03,Fee,1927.58,USD
TXN00002663,ACCT000269,2025-04-02,Interest,3694.01,GBP
TXN00002664,ACCT000023,2025-04-20,Fee,3407.26,USD
TXN00002665,ACCT000114,2025-12-31,Interest,4750.07,USD
TXN00002666,ACCT000254,2025-04-16,Purchase,3571.6,GBP
TXN00002667,ACCT000196,2025-04-16,Transfer,82.89,USD
TXN00002668,ACCT000124,2025-12-04,Fee,28.67,USD
TXN00002669,ACCT000117,2025-07-10,Payment,4935.49,CAD
TXN00002670,ACCT000307,2025-05-07,Purchase,783.87,GBP
TXN00002671,ACCT000217,2025-12-15,Fee,4410.31,GBP
TXN00002672,ACCT000335,2025-05-20,Fee,1028.36,CAD
TXN00002673,ACCT000212,2025-07-13,Purchase,2082.36,USD
TXN00002674,ACCT000250,2025-05-10,Payment,4084.54,GBP
TXN00002675,ACCT000203,2025-01-22,Purchase,3134.55,CAD
TXN00002676,ACCT000115,2025-02-06,Payment,3316.5,USD
TXN00002677,ACCT000251,2025-02-04,Purchase,798.82,USD
TXN00002678,ACCT000379,2025-05-12,Transfer,1640.26,CAD
TXN00002679,ACCT000146,2025-10-19,Fee,2683.62,USD
TXN00002680,ACCT000203,2025-04-14,Purchase,3806.14,USD
TXN00002681,ACCT000103,2025-03-07,Transfer,4233.04,GBP
TXN00002682,ACCT000056,2025-02-27,Purchase,2347.44,USD
TXN00002683,ACCT000095,2025-02-12,Purchase,4166.31,USD
TXN00002684,ACCT000190,2025-08-13,Payment,2182.56,USD
TXN00002685,ACCT000022,2025-12-06,Interest,2987.02,GBP
TXN00002686,ACCT000372,2025-06-12,Payment,3843.9,USD
TXN00002687,ACCT000079,2025-06-24,Transfer,75.98,USD
TXN00002688,ACCT000103,2025-11-26,Payment,1753.84,USD
TXN00002689,ACCT000150,2025-09-16,Interest,1903.27,USD
TXN00002690,ACCT000100,2025-06-21,Payment,923.9,CAD
TXN00002691,ACCT000036,2025-05-06,Purchase,4357.33,GBP
TXN00002692,ACCT000083,2025-03-15,Transfer,1442.59,GBP
TXN00002693,ACCT000351,2025-02-03,Fee,288.28,CAD
TXN00002694,ACCT000317,2025-03-28,Transfer,2673.7,USD
TXN00002695,ACCT000054,2025-12-17,Fee,196.96,USD
TXN00002696,ACCT000289,2025-01-30,Purchase,1909.16,CAD
TXN00002697,ACCT000115,2025-11-18,Transfer,602.61,USD
TXN00002698,ACCT000011,2025-11-29,Transfer,2730.18,CAD
TXN00002699,ACCT000145,2025-12-18,Transfer,3225.73,GBP
TXN00002700,ACCT000384,2025-05-02,Interest,2251.11,CAD
TXN00002701,ACCT000326,2025-08-21,Transfer,1253.96,CAD
TXN00002702,ACCT000185,2025-04-25,Payment,2273.84,USD
TXN00002703,ACCT000090,2025-07-18,Fee,3187.28,USD
TXN00002704,ACCT000011,2025-08-10,Payment,1843.55,USD
TXN00002705,ACCT000211,2025-12-30,Payment,217.56,GBP
TXN00002706,ACCT000065,2025-11-17,Payment,4937.51,USD
TXN00002707,ACCT000216,2025-08-02,Payment,4709.7,CAD
TXN00002708,ACCT000199,2025-08-26,Interest,2222.24,USD
TXN00002709,ACCT000205,2025-03-10,Fee,1633.42,GBP
TXN00002710,ACCT000365,2025-04-08,Payment,1233.81,GBP
TXN00002711,ACCT000374,2025-12-04,Payment,4740.28,GBP
TXN00002712,ACCT000281,2025-07-29,Fee,4502.27,USD
TXN00002713,ACCT000073,2025-08-29,Fee,1071.5,USD
TXN00002714,ACCT000154,2025-11-16,Transfer,3262.93,CAD
TXN00002715,ACCT000173,2025-10-10,Purchase,1001.05,USD
TXN00002716,ACCT000222,2025-04-03,Interest,4685.92,CAD
TXN00002717,ACCT000198,2025-10-18,Purchase,3471.38,USD
TXN00002718,ACCT000349,2025-10-16,Fee,4918.24,USD
TXN00002719,ACCT000102,2025-03-19,Interest,2877.47,CAD
TXN00002720,ACCT000379,2025-03-08,Fee,2345.56,CAD
TXN00002721,ACCT000391,2025-11-10,Fee,3053.74,GBP
TXN00002722,ACCT000034,2025-02-13,Purchase,3382.57,USD
TXN00002723,ACCT000028,2025-06-19,Purchase,4601.26,USD
TXN00002724,ACCT000183,2025-04-14,Fee,4658.16,USD
TXN00002725,ACCT000034,2025-07-05,Payment,1541.27,GBP
TXN00002726,ACCT000229,2025-09-01,Fee,2919.33,USD
TXN00002727,ACCT000052,2025-10-15,Payment,1452.26,USD
TXN00002728,ACCT000061,2025-09-30,Payment,820.47,GBP
TXN00002729,ACCT000283,2025-11-18,Interest,795.61,CAD
TXN00002730,ACCT000128,2025-02-28,Fee,3451.37,USD
TXN00002731,ACCT000021,2025-03-11,Interest,489.86,CAD
TXN00002732,ACCT000088,2025-01-11,Interest,1899.95,GBP
TXN00002733,ACCT000300,2025-10-20,Fee,4655.06,USD
TXN00002734,ACCT000252,2025-12-10,Interest,4470.47,GBP
TXN00002735,ACCT000044,2025-07-09,Fee,4428.59,USD
TXN00002736,ACCT000154,2025-12-13,Payment,679.04,CAD
TXN00002737,ACCT000343,2025-04-11,Payment,559.3,USD
TXN00002738,ACCT000043,2025-07-01,Fee,3558.48,GBP
TXN00002739,ACCT000303,2025-08-02,Interest,84.7,USD
TXN00002740,ACCT000099,2025-09-20,Fee,4257.01,USD
TXN00002741,ACCT000013,2025-09-08,Transfer,4521.88,USD
TXN00002742,ACCT000123,2025-12-25,Payment,264.8,USD
TXN00002743,ACCT000222,2025-06-22,Fee,2247.41,USD
TXN00002744,ACCT000389,2025-12-03,Fee,3751.24,CAD
TXN00002745,ACCT000017,2025-03-08,Purchase,1667.93,GBP
TXN00002746,ACCT000010,2025-06-04,Purchase,3674.53,CAD
TXN00002747,ACCT000195,2025-07-18,Payment,4523.15,USD
TXN00002748,ACCT000172,2025-07-07,Fee,3485.8,GBP
TXN00002749,ACCT000176,2025-03-09,Interest,2038.94,USD
TXN00002750,ACCT000251,2025-05-25,Fee,2764.15,USD
TXN00002751,ACCT000344,2025-02-13,Purchase,4567.22,USD
TXN00002752,ACCT000012,2025-03-07,Transfer,4479.62,USD
TXN00002753,ACCT000192,2025-02-03,Payment,376.7,USD
TXN00002754,ACCT000399,2025-02-14,Transfer,4008.28,USD
TXN00002755,ACCT000378,2025-06-24,Purchase,3616.92,GBP
TXN00002756,ACCT000321,2025-08-24,Purchase,785.44,USD
TXN00002757,ACCT000029,2025-12-27,Purchase,3064.76,USD
TXN00002758,ACCT000042,2025-04-06,Payment,4590.42,USD
TXN00002759,ACCT000352,2025-04-30,Purchase,24.19,USD
TXN00002760,ACCT000199,2025-06-14,Purchase,3586.31,GBP
TXN00002761,ACCT000102,2025-12-29,Payment,2382.84,CAD
TXN00002762,ACCT000241,2025-05-28,Transfer,3532.84,GBP
TXN00002763,ACCT000260,2025-01-04,Purchase,2215.37,USD
TXN00002764,ACCT000135,2025-03-15,Payment,4871.08,GBP
TXN00002765,ACCT000359,2025-03-05,Transfer,4863.75,USD
TXN00002766,ACCT000165,2025-04-27,Payment,939.31,USD
TXN00002767,ACCT000304,2025-06-01,Interest,3178.31,GBP
TXN00002768,ACCT000147,2025-04-22,Interest,2535.74,CAD
TXN00002769,ACCT000377,2025-05-04,Fee,4123.22,GBP
TXN00002770,ACCT000350,2025-05-09,Purchase,3275.94,USD
TXN00002771,ACCT000033,2025-09-10,Payment,327.94,USD
TXN00002772,ACCT000221,2025-02-10,Purchase,3101.13,CAD
TXN00002773,ACCT000346,2025-02-15,Purchase,4885.95,USD
TXN00002774,ACCT000186,2025-12-24,Transfer,3858.07,GBP
TXN00002775,ACCT000373,2025-06-13,Purchase,2848.16,CAD
TXN00002776,ACCT000246,2025-07-09,Fee,3712.25,CAD
TXN00002777,ACCT000161,2025-10-07,Fee,3818.25,USD
TXN00002778,ACCT000022,2025-12-20,Payment,2938.21,USD
TXN00002779,ACCT000237,2025-06-16,Interest,2327.4,CAD
TXN00002780,ACCT000238,2025-08-20,Interest,4344.07,USD
TXN00002781,ACCT000198,2025-08-03,Payment,3690.61,USD
TXN00002782,ACCT000196,2025-11-20,Payment,3942.39,USD
TXN00002783,ACCT000223,2025-12-05,Interest,1831.72,USD
TXN00002784,ACCT000095,2025-04-22,Payment,2966.72,USD
TXN00002785,ACCT000077,2025-05-19,Purchase,1959.5,USD
TXN00002786,ACCT000201,2025-03-23,Payment,113.29,USD
TXN00002787,ACCT000098,2025-09-07,Transfer,1391.96,GBP
TXN00002788,ACCT000082,2025-09-07,Interest,2167.12,USD
TXN00002789,ACCT000035,2025-06-15,Fee,4807.39,CAD
TXN00002790,ACCT000121,2025-09-23,Transfer,1450.16,CAD
TXN00002791,ACCT000007,2025-06-07,Payment,2084.65,USD
TXN00002792,ACCT000351,2025-11-13,Fee,3154.14,CAD
TXN00002793,ACCT000067,2025-09-29,Transfer,613.63,USD
TXN00002794,ACCT000353,2025-03-07,Fee,3625.16,USD
TXN00002795,ACCT000033,2025-01-10,Transfer,4852.3,CAD
TXN00002796,ACCT000108,2025-06-17,Fee,2087.92,USD
TXN00002797,ACCT000244,2025-05-24,Fee,3171.19,GBP
TXN00002798,ACCT000170,2025-12-24,Fee,2888.21,USD
TXN00002799,ACCT000324,2025-10-21,Payment,4827.54,USD
TXN00002800,ACCT000128,2025-09-08,Transfer,3048.89,GBP
TXN00002801,ACCT000161,2025-09-19,Interest,4453.33,USD
TXN00002802,ACCT000320,2025-06-14,Interest,3752.21,USD
TXN00002803,ACCT000309,2025-05-17,Transfer,2457.25,USD
TXN00002804,ACCT000099,2025-05-22,Interest,1950.93,USD
TXN00002805,ACCT000031,2025-08-31,Fee,4239.63,USD
TXN00002806,ACCT000168,2025-07-02,Payment,3167.18,GBP
TXN00002807,ACCT000140,2025-06-13,Interest,2811.58,CAD
TXN00002808,ACCT000275,2025-04-13,Fee,3025.83,USD
TXN00002809,ACCT000152,2025-02-01,Transfer,3027.38,USD
TXN00002810,ACCT000145,2025-05-08,Transfer,3995.25,CAD
TXN00002811,ACCT000006,2025-06-02,Interest,3504.73,USD
TXN00002812,ACCT000013,2025-01-15,Payment,724.58,CAD
TXN00002813,ACCT000398,2025-03-17,Purchase,1846.32,CAD
TXN00002814,ACCT000305,2025-08-16,Interest,2778.55,USD
TXN00002815,ACCT000234,2025-05-22,Purchase,4684.83,USD
TXN00002816,ACCT000084,2025-10-28,Transfer,2269.4,USD
TXN00002817,ACCT000064,2025-01-27,Fee,4780.75,USD
TXN00002818,ACCT000073,2025-06-11,Transfer,2388.12,CAD
TXN00002819,ACCT000223,2025-11-27,Transfer,132.2,USD
TXN00002820,ACCT000314,2025-01-18,Interest,894.1,USD
TXN00002821,ACCT000292,2025-01-21,Fee,2830.26,GBP
TXN00002822,ACCT000366,2025-03-09,Purchase,3615.27,CAD
TXN00002823,ACCT000072,2025-03-19,Purchase,4635.11,USD
TXN00002824,ACCT000366,2025-05-01,Transfer,821.09,USD
TXN00002825,ACCT000174,2025-02-11,Fee,4861.74,CAD
TXN00002826,ACCT000253,2025-07-25,Fee,3755.5,GBP
TXN00002827,ACCT000329,2025-07-22,Purchase,2625.77,USD
TXN00002828,ACCT000107,2025-08-18,Transfer,4115.12,USD
TXN00002829,ACCT000134,2025-04-27,Purchase,3815.01,USD
TXN00002830,ACCT000286,2025-01-13,Purchase,3225.57,USD
TXN00002831,ACCT000022,2025-04-23,Payment,2396.07,USD
TXN00002832,ACCT000071,2025-09-14,Payment,4772.33,USD
TXN00002833,ACCT000325,2025-12-10,Fee,1940.69,CAD
TXN00002834,ACCT000149,2025-09-10,Purchase,2553.68,USD
TXN00002835,ACCT000021,2025-04-13,Interest,2752.41,GBP
TXN00002836,ACCT000299,2025-09-09,Purchase,1048.14,USD
TXN00002837,ACCT000298,2025-07-08,Fee,3510.61,GBP
TXN00002838,ACCT000078,2025-10-02,Payment,1988.92,USD
TXN00002839,ACCT000285,2025-07-11,Transfer,1410.68,GBP
TXN00002840,ACCT000104,2025-11-08,Interest,803.52,USD
TXN00002841,ACCT000134,2025-07-21,Fee,982.88,USD
TXN00002842,ACCT000229,2025-11-05,Fee,2260.99,GBP
TXN00002843,ACCT000058,2025-01-22,Interest,1026.93,CAD
TXN00002844,ACCT000106,2025-04-13,Purchase,3715.35,GBP
TXN00002845,ACCT000346,2025-04-20,Fee,4165.48,GBP
TXN00002846,ACCT000028,2025-11-28,Fee,1807.89,USD
TXN00002847,ACCT000130,2025-04-22,Transfer,4451.58,GBP
TXN00002848,ACCT000111,2025-04-03,Purchase,1552.96,USD
TXN00002849,ACCT000369,2025-07-18,Payment,2500.47,USD
TXN00002850,ACCT000309,2025-03-26,Interest,4921.23,CAD
TXN00002851,ACCT000147,2025-12-08,Interest,2806.35,USD
TXN00002852,ACCT000001,2025-01-16,Purchase,3083.77,GBP
TXN00002853,ACCT000141,2025-01-01,Purchase,4286.54,USD
TXN00002854,ACCT000291,2025-03-23,Interest,1910.2,USD
TXN00002855,ACCT000331,2025-04-08,Purchase,1843.41,CAD
TXN00002856,ACCT000214,2025-12-01,Fee,385.12,USD
TXN00002857,ACCT000062,2025-06-04,Fee,3853.37,USD
TXN00002858,ACCT000105,2025-03-03,Fee,2287.35,USD
TXN00002859,ACCT000058,2025-02-14,Interest,877.03,USD
TXN00002860,ACCT000297,2025-12-22,Interest,4349.61,GBP
TXN00002861,ACCT000360,2025-10-16,Fee,1353.98,CAD
TXN00002862,ACCT000079,2025-04-21,Purchase,3658.51,USD
TXN00002863,ACCT000016,2025-01-20,Interest,3391.71,CAD
TXN00002864,ACCT000212,2025-03-31,Interest,4153.1,USD
TXN00002865,ACCT000337,2025-02-02,Transfer,4487.55,USD
TXN00002866,ACCT000104,2025-05-17,Fee,3595.76,USD
TXN00002867,ACCT000097,2025-05-01,Fee,4816.13,CAD
TXN00002868,ACCT000023,2025-10-16,Purchase,4979.21,CAD
TXN00002869,ACCT000251,2025-04-29,Transfer,4760.97,USD
TXN00002870,ACCT000307,2025-07-08,Fee,1823.35,CAD
TXN00002871,ACCT000192,2025-12-04,Interest,2725.23,USD
TXN00002872,ACCT000165,2025-11-24,Transfer,2706.13,USD
TXN00002873,ACCT000206,2025-07-10,Interest,873.94,CAD
TXN00002874,ACCT000076,2025-12-11,Fee,3837.73,CAD
TXN00002875,ACCT000222,2025-02-14,Transfer,2042.09,GBP
TXN00002876,ACCT000171,2025-07-03,Fee,4424.44,CAD
TXN00002877,ACCT000349,2025-03-26,Interest,3769.75,USD
TXN00002878,ACCT000321,2025-03-16,Fee,2534.23,GBP
TXN00002879,ACCT000382,2025-03-23,Fee,2703.35,GBP
TXN00002880,ACCT000106,2025-12-21,Payment,4886.27,CAD
TXN00002881,ACCT000058,2025-09-14,Purchase,4118.1,GBP
TXN00002882,ACCT000295,2025-01-03,Purchase,2600.25,USD
TXN00002883,ACCT000085,2025-04-27,Transfer,3324.86,USD
TXN00002884,ACCT000375,2025-07-11,Interest,589.02,GBP
TXN00002885,ACCT000202,2025-04-23,Interest,2617.99,GBP
TXN00002886,ACCT000353,2025-02-24,Fee,3750.38,USD
TXN00002887,ACCT000356,2025-04-07,Interest,782.73,USD
TXN00002888,ACCT000254,2025-03-15,Transfer,4000.68,USD
TXN00002889,ACCT000208,2025-06-05,Fee,1212.96,USD
TXN00002890,ACCT000098,2025-01-13,Transfer,3193.05,USD
TXN00002891,ACCT000107,2025-04-06,Purchase,1482.44,USD
TXN00002892,ACCT000061,2025-08-05,Purchase,1270.9,USD
TXN00002893,ACCT000306,2025-06-03,Interest,57.79,USD
TXN00002894,ACCT000156,2025-08-08,Interest,1877.71,GBP
TXN00002895,ACCT000326,2025-11-11,Transfer,4598.18,GBP
TXN00002896,ACCT000017,2025-09-13,Purchase,3397.19,USD
TXN00002897,ACCT000359,2025-08-31,Fee,160.05,CAD
TXN00002898,ACCT000217,2025-12-19,Transfer,3850.09,GBP
TXN00002899,ACCT000351,2025-09-09,Transfer,4403.78,USD
TXN00002900,ACCT000250,2025-02-14,Interest,198.16,CAD
TXN00002901,ACCT000043,2025-05-06,Fee,2720.96,USD
TXN00002902,ACCT000173,2025-05-04,Interest,1902.36,GBP
TXN00002903,ACCT000159,2025-10-10,Interest,176.54,CAD
TXN00002904,ACCT000049,2025-01-06,Payment,3070.52,USD
TXN00002905,ACCT000400,2025-01-15,Transfer,4314.27,GBP
TXN00002906,ACCT000093,2025-08-26,Interest,350.15,USD
TXN00002907,ACCT000275,2025-12-01,Transfer,1943.95,USD
TXN00002908,ACCT000358,2025-09-22,Fee,2930.38,CAD
TXN00002909,ACCT000151,2025-03-25,Payment,4511.8,USD
TXN00002910,ACCT000219,2025-02-26,Fee,3007.6,USD
TXN00002911,ACCT000249,2025-05-08,Purchase,999.62,USD
TXN00002912,ACCT000335,2025-04-01,Interest,3879.82,CAD
TXN00002913,ACCT000115,2025-06-24,Purchase,1514.87,GBP
TXN00002914,ACCT000228,2025-12-25,Interest,1147.52,USD
TXN00002915,ACCT000068,2025-11-06,Purchase,826.34,GBP
TXN00002916,ACCT000188,2025-12-24,Purchase,2193.3,CAD
TXN00002917,ACCT000356,2025-07-08,Purchase,3543.5,GBP
TXN00002918,ACCT000018,2025-05-23,Purchase,2096.03,CAD
TXN00002919,ACCT000035,2025-02-03,Transfer,3511.73,USD
TXN00002920,ACCT000341,2025-07-03,Fee,4389.52,CAD
TXN00002921,ACCT000125,2025-03-12,Interest,2538.03,USD
TXN00002922,ACCT000293,2025-04-06,Purchase,814.17,USD
TXN00002923,ACCT000280,2025-07-11,Interest,3301.01,GBP
TXN00002924,ACCT000337,2025-04-05,Fee,2392.01,GBP
TXN00002925,ACCT000021,2025-04-29,Interest,583.67,USD
TXN00002926,ACCT000383,2025-12-26,Payment,1505.21,CAD
TXN00002927,ACCT000262,2025-01-07,Purchase,1862.43,USD
TXN00002928,ACCT000300,2025-09-29,Transfer,3331.23,USD
TXN00002929,ACCT000071,2025-06-13,Fee,4402.52,USD
TXN00002930,ACCT000097,2025-12-06,Interest,4007.12,CAD
TXN00002931,ACCT000051,2025-03-30,Interest,2396.28,CAD
TXN00002932,ACCT000278,2025-02-06,Transfer,3168.82,USD
TXN00002933,ACCT000075,2025-02-04,Payment,4289.94,CAD
TXN00002934,ACCT000038,2025-10-17,Transfer,4949.39,USD
TXN00002935,ACCT000212,2025-11-17,Payment,3136.57,USD
TXN00002936,ACCT000209,2025-01-31,Payment,4140.74,CAD
TXN00002937,ACCT000400,2025-07-22,Purchase,4353.99,USD
TXN00002938,ACCT000192,2025-07-20,Payment,3359.92,CAD
TXN00002939,ACCT000116,2025-03-07,Transfer,4182.68,CAD
TXN00002940,ACCT000261,2025-07-28,Transfer,4747.19,USD
TXN00002941,ACCT000148,2025-09-12,Payment,2996.9,USD
TXN00002942,ACCT000214,2025-02-03,Interest,3001.11,GBP
TXN00002943,ACCT000398,2025-03-16,Purchase,3523.85,USD
TXN00002944,ACCT000144,2025-08-26,Fee,1390.56,USD
TXN00002945,ACCT000310,2025-06-17,Fee,4182.44,USD
TXN00002946,ACCT000198,2025-12-19,Interest,2559.64,GBP
TXN00002947,ACCT000310,2025-11-03,Transfer,4617.65,GBP
TXN00002948,ACCT000047,2025-12-21,Payment,2349.29,CAD
TXN00002949,ACCT000316,2025-11-20,Fee,2666.03,USD
TXN00002950,ACCT000139,2025-05-28,Fee,3147.46,GBP
TXN00002951,ACCT000166,2025-05-03,Transfer,1143.07,GBP
TXN00002952,ACCT000157,2025-04-09,Payment,1745.82,USD
TXN00002953,ACCT000143,2025-05-16,Transfer,3382.12,GBP
TXN00002954,ACCT000097,2025-11-10,Interest,3350.07,USD
TXN00002955,ACCT000352,2025-07-05,Fee,953.88,GBP
TXN00002956,ACCT000237,2025-10-25,Transfer,1609.11,GBP
TXN00002957,ACCT000371,2025-05-30,Payment,590.47,USD
TXN00002958,ACCT000325,2025-06-22,Payment,2992.67,USD
TXN00002959,ACCT000201,2025-09-05,Interest,1878.12,USD
TXN00002960,ACCT000175,2025-03-16,Transfer,2298.1,USD
TXN00002961,ACCT000064,2025-07-12,Transfer,364.89,GBP
TXN00002962,ACCT000097,2025-05-11,Interest,21.32,CAD
TXN00002963,ACCT000282,2025-10-26,Interest,4674.08,USD
TXN00002964,ACCT000102,2025-05-17,Transfer,2839.43,USD
TXN00002965,ACCT000251,2025-11-01,Interest,3142.42,USD
TXN00002966,ACCT000161,2025-03-03,Interest,2188.68,USD
TXN00002967,ACCT000390,2025-01-28,Payment,618.97,USD
TXN00002968,ACCT000281,2025-10-02,Purchase,1390.39,USD
TXN00002969,ACCT000381,2025-12-18,Payment,3920.43,CAD
TXN00002970,ACCT000339,2025-10-18,Payment,204.49,USD
TXN00002971,ACCT000320,2025-05-22,Purchase,561.6,USD
TXN00002972,ACCT000113,2025-11-13,Interest,1207.2,GBP
TXN00002973,ACCT000283,2025-07-01,Transfer,3759.87,USD
TXN00002974,ACCT000300,2025-06-12,Payment,119.66,USD
TXN00002975,ACCT000197,2025-04-15,Payment,4029.52,GBP
TXN00002976,ACCT000083,2025-02-16,Transfer,92.12,GBP
TXN00002977,ACCT000139,2025-09-06,Transfer,4893.47,USD
TXN00002978,ACCT000209,2025-04-24,Purchase,1234.73,USD
TXN00002979,ACCT000089,2025-04-23,Interest,3049.99,USD
TXN00002980,ACCT000344,2025-06-07,Purchase,20.83,CAD
TXN00002981,ACCT000198,2025-08-17,Transfer,4305.17,USD
TXN00002982,ACCT000042,2025-07-29,Payment,506.33,CAD
TXN00002983,ACCT000197,2025-11-11,Interest,756.18,CAD
TXN00002984,ACCT000140,2025-04-16,Purchase,2708.62,CAD
TXN00002985,ACCT000269,2025-06-25,Interest,3948.99,USD
TXN00002986,ACCT000316,2025-07-18,Purchase,2497.67,CAD
TXN00002987,ACCT000074,2025-12-27,Transfer,1031.32,USD
TXN00002988,ACCT000350,2025-07-13,Transfer,4185.51,USD
TXN00002989,ACCT000161,2025-06-30,Interest,1039.62,CAD
TXN00002990,ACCT000149,2025-04-29,Fee,1247.58,CAD
TXN00002991,ACCT000013,2025-12-18,Transfer,4389.26,GBP
TXN00002992,ACCT000034,2025-08-20,Payment,3229.16,USD
TXN00002993,ACCT000185,2025-07-15,Interest,2860.42,USD
TXN00002994,ACCT000229,2025-08-06,Interest,2184.28,USD
TXN00002995,ACCT000118,2025-05-18,Interest,1278.35,USD
TXN00002996,ACCT000087,2025-04-23,Fee,2395.26,GBP
TXN00002997,ACCT000101,2025-01-19,Transfer,2997.53,CAD
TXN00002998,ACCT000118,2025-02-16,Fee,244.65,USD
TXN00002999,ACCT000284,2025-01-26,Purchase,3079.17,USD
TXN00003000,ACCT000131,2025-08-20,Purchase,2628.64,USD
TXN00000101,ACCT000139,2025-02-22,Interest,1802.79,USD
